t_stamp,x,y,z,x_dot,y_dot,z_dot
86.400000,0.000078,0.000000,0.000000,0.000001,0.000000,0.000000
172.800000,0.000233,0.000000,0.000000,0.000002,0.000000,0.000000
259.200000,0.000466,0.000000,0.000000,0.000003,0.000000,0.000000
345.600000,0.000777,0.000000,0.000000,0.000004,0.000000,0.000000
432.000000,0.001166,0.000000,0.000000,0.000004,0.000000,0.000000
518.400000,0.001632,0.000000,0.000000,0.000005,0.000000,0.000000
604.800000,0.002176,0.000000,0.000000,0.000006,0.000000,0.000000
691.200000,0.002798,0.000001,0.000000,0.000007,0.000000,0.000000
777.600000,0.003498,0.000001,0.000000,0.000008,0.000000,0.000000
864.000000,0.004275,0.000001,0.000000,0.000009,0.000000,0.000000
950.400000,0.005130,0.000002,0.000000,0.000010,0.000000,0.000000
1036.800000,0.006063,0.000002,0.000000,0.000011,0.000000,0.000000
1123.200000,0.007073,0.000003,0.000000,0.000012,0.000000,0.000000
1209.600000,0.008161,0.000004,0.000000,0.000013,0.000000,0.000000
1296.000000,0.009327,0.000005,0.000000,0.000013,0.000000,0.000000
1382.400000,0.010571,0.000006,0.000000,0.000014,0.000000,0.000000
1468.800000,0.011892,0.000007,0.000000,0.000015,0.000000,0.000000
1555.200000,0.013291,0.000008,0.000000,0.000016,0.000000,0.000000
1641.600000,0.014768,0.000010,0.000000,0.000017,0.000000,0.000000
1728.000000,0.016322,0.000011,0.000000,0.000018,0.000000,0.000000
1814.400000,0.017954,0.000013,0.000000,0.000019,0.000000,0.000000
1900.800000,0.019664,0.000015,0.000000,0.000020,0.000000,0.000000
1987.200000,0.021452,0.000017,0.000000,0.000021,0.000000,0.000000
2073.600000,0.023317,0.000020,0.000000,0.000022,0.000000,0.000000
2160.000000,0.025260,0.000022,0.000000,0.000022,0.000000,0.000000
2246.400000,0.027281,0.000025,0.000000,0.000023,0.000000,0.000000
2332.800000,0.029380,0.000028,0.000000,0.000024,0.000000,0.000000
2419.200000,0.031556,0.000031,0.000000,0.000025,0.000000,0.000000
2505.600000,0.033810,0.000035,0.000000,0.000026,0.000000,0.000000
2592.000000,0.036142,0.000039,0.000000,0.000027,0.000000,0.000000
2678.400000,0.038551,0.000043,0.000000,0.000028,0.000000,0.000000
2764.800000,0.041038,0.000047,0.000000,0.000029,0.000000,0.000000
2851.200000,0.043603,0.000052,0.000000,0.000030,0.000000,0.000000
2937.600000,0.046246,0.000056,0.000000,0.000031,0.000000,0.000000
3024.000000,0.048966,0.000062,0.000000,0.000031,0.000000,0.000000
3110.400000,0.051764,0.000067,0.000000,0.000032,0.000000,0.000000
3196.800000,0.054640,0.000073,0.000000,0.000033,0.000000,0.000000
3283.200000,0.057594,0.000079,0.000000,0.000034,0.000000,0.000000
3369.600000,0.060625,0.000085,0.000000,0.000035,0.000000,0.000000
3456.000000,0.063734,0.000092,0.000000,0.000036,0.000000,0.000000
3542.400000,0.066921,0.000099,0.000000,0.000037,0.000000,0.000000
3628.800000,0.070185,0.000106,0.000000,0.000038,0.000000,0.000000
3715.200000,0.073527,0.000114,0.000000,0.000039,0.000000,0.000000
3801.600000,0.076947,0.000122,0.000000,0.000040,0.000000,0.000000
3888.000000,0.080445,0.000131,0.000000,0.000040,0.000000,0.000000
3974.400000,0.084020,0.000140,0.000000,0.000041,0.000000,0.000000
4060.800000,0.087673,0.000149,0.000000,0.000042,0.000000,0.000000
4147.200000,0.091404,0.000159,0.000000,0.000043,0.000000,0.000000
4233.600000,0.095212,0.000169,0.000000,0.000044,0.000000,0.000000
4320.000000,0.099098,0.000180,0.000000,0.000045,0.000000,0.000000
4406.400000,0.103062,0.000191,0.000000,0.000046,0.000000,0.000000
4492.800000,0.107104,0.000202,0.000000,0.000047,0.000000,0.000000
4579.200000,0.111223,0.000214,0.000000,0.000048,0.000000,0.000000
4665.600000,0.115420,0.000226,0.000000,0.000049,0.000000,0.000000
4752.000000,0.119695,0.000239,0.000000,0.000049,0.000000,0.000000
4838.400000,0.124048,0.000252,0.000000,0.000050,0.000000,0.000000
4924.800000,0.128478,0.000266,0.000000,0.000051,0.000000,0.000000
5011.200000,0.132986,0.000280,0.000000,0.000052,0.000000,0.000000
5097.600000,0.137572,0.000295,0.000000,0.000053,0.000000,0.000000
5184.000000,0.142235,0.000310,0.000000,0.000054,0.000000,0.000000
5270.400000,0.146976,0.000326,0.000000,0.000055,0.000000,0.000000
5356.800000,0.151795,0.000342,0.000000,0.000056,0.000000,0.000000
5443.200000,0.156692,0.000359,0.000000,0.000057,0.000000,0.000000
5529.600000,0.161666,0.000377,0.000000,0.000058,0.000000,0.000000
5616.000000,0.166718,0.000394,0.000000,0.000058,0.000000,0.000000
5702.400000,0.171848,0.000413,0.000000,0.000059,0.000000,0.000000
5788.800000,0.177055,0.000432,0.000000,0.000060,0.000000,0.000000
5875.200000,0.182340,0.000452,0.000000,0.000061,0.000000,0.000000
5961.600000,0.187703,0.000472,0.000000,0.000062,0.000000,0.000000
6048.000000,0.193144,0.000493,0.000000,0.000063,0.000000,0.000000
6134.400000,0.198662,0.000514,0.000000,0.000064,0.000000,0.000000
6220.800000,0.204258,0.000536,0.000000,0.000065,0.000000,0.000000
6307.200000,0.209932,0.000559,0.000000,0.000066,0.000000,0.000000
6393.600000,0.215684,0.000582,0.000000,0.000067,0.000000,0.000000
6480.000000,0.221513,0.000606,0.000000,0.000067,0.000000,0.000000
6566.400000,0.227420,0.000631,0.000000,0.000068,0.000000,0.000000
6652.800000,0.233405,0.000656,0.000000,0.000069,0.000000,0.000000
6739.200000,0.239467,0.000682,0.000000,0.000070,0.000000,0.000000
6825.600000,0.245607,0.000708,0.000000,0.000071,0.000000,0.000000
6912.000000,0.251825,0.000735,0.000000,0.000072,0.000000,0.000000
6998.400000,0.258121,0.000763,0.000000,0.000073,0.000000,0.000000
7084.800000,0.264494,0.000792,0.000000,0.000074,0.000000,0.000000
7171.200000,0.270945,0.000821,0.000000,0.000075,0.000000,0.000000
7257.600000,0.277474,0.000851,0.000000,0.000076,0.000000,0.000000
7344.000000,0.284080,0.000882,0.000000,0.000076,0.000000,0.000000
7430.400000,0.290764,0.000914,0.000000,0.000077,0.000000,0.000000
7516.800000,0.297526,0.000946,0.000000,0.000078,0.000000,0.000000
7603.200000,0.304366,0.000979,0.000000,0.000079,0.000000,0.000000
7689.600000,0.311283,0.001013,0.000000,0.000080,0.000000,0.000000
7776.000000,0.318278,0.001047,0.000000,0.000081,0.000000,0.000000
7862.400000,0.325351,0.001083,0.000000,0.000082,0.000000,0.000000
7948.800000,0.332501,0.001119,0.000000,0.000083,0.000000,0.000000
8035.200000,0.339730,0.001156,0.000000,0.000084,0.000000,0.000000
8121.600000,0.347036,0.001193,0.000000,0.000085,0.000000,0.000000
8208.000000,0.354419,0.001232,0.000000,0.000085,0.000000,0.000000
8294.400000,0.361881,0.001271,0.000000,0.000086,0.000000,0.000000
8380.800000,0.369420,0.001311,0.000000,0.000087,0.000000,0.000000
8467.200000,0.377036,0.001352,0.000000,0.000088,0.000000,0.000000
8553.600000,0.384731,0.001394,0.000000,0.000089,0.000000,0.000000
8640.000000,0.392503,0.001437,0.000000,0.000090,0.000000,0.000000
8726.400000,0.400353,0.001480,0.000000,0.000091,0.000001,0.000000
8812.800000,0.408281,0.001525,0.000000,0.000092,0.000001,0.000000
8899.200000,0.416286,0.001570,0.000000,0.000093,0.000001,0.000000
8985.600000,0.424369,0.001616,0.000000,0.000094,0.000001,0.000000
9072.000000,0.432530,0.001663,0.000000,0.000094,0.000001,0.000000
9158.400000,0.440769,0.001711,0.000000,0.000095,0.000001,0.000000
9244.800000,0.449085,0.001760,0.000000,0.000096,0.000001,0.000000
9331.200000,0.457479,0.001810,0.000000,0.000097,0.000001,0.000000
9417.600000,0.465951,0.001860,0.000000,0.000098,0.000001,0.000000
9504.000000,0.474500,0.001912,0.000000,0.000099,0.000001,0.000000
9590.400000,0.483127,0.001965,0.000000,0.000100,0.000001,0.000000
9676.800000,0.491832,0.002018,0.000000,0.000101,0.000001,0.000000
9763.200000,0.500615,0.002073,0.000000,0.000102,0.000001,0.000000
9849.600000,0.509475,0.002128,0.000000,0.000103,0.000001,0.000000
9936.000000,0.518413,0.002185,0.000000,0.000103,0.000001,0.000000
10022.400000,0.527428,0.002242,0.000000,0.000104,0.000001,0.000000
10108.800000,0.536522,0.002301,0.000000,0.000105,0.000001,0.000000
10195.200000,0.545693,0.002360,0.000000,0.000106,0.000001,0.000000
10281.600000,0.554942,0.002421,0.000000,0.000107,0.000001,0.000000
10368.000000,0.564268,0.002482,0.000000,0.000108,0.000001,0.000000
10454.400000,0.573673,0.002545,0.000000,0.000109,0.000001,0.000000
10540.800000,0.583155,0.002609,0.000000,0.000110,0.000001,0.000000
10627.200000,0.592714,0.002673,0.000000,0.000111,0.000001,0.000000
10713.600000,0.602352,0.002739,0.000000,0.000112,0.000001,0.000000
10800.000000,0.612067,0.002806,0.000000,0.000112,0.000001,0.000000
10886.400000,0.621860,0.002874,0.000000,0.000113,0.000001,0.000000
10972.800000,0.631730,0.002943,0.000000,0.000114,0.000001,0.000000
11059.200000,0.641679,0.003013,0.000000,0.000115,0.000001,0.000000
11145.600000,0.651705,0.003084,0.000000,0.000116,0.000001,0.000000
11232.000000,0.661809,0.003156,0.000000,0.000117,0.000001,0.000000
11318.400000,0.671990,0.003230,0.000000,0.000118,0.000001,0.000000
11404.800000,0.682249,0.003304,0.000000,0.000119,0.000001,0.000000
11491.200000,0.692586,0.003380,0.000000,0.000120,0.000001,0.000000
11577.600000,0.703001,0.003457,0.000000,0.000121,0.000001,0.000000
11664.000000,0.713493,0.003535,0.000000,0.000121,0.000001,0.000000
11750.400000,0.724063,0.003614,0.000000,0.000122,0.000001,0.000000
11836.800000,0.734710,0.003694,0.000000,0.000123,0.000001,0.000000
11923.200000,0.745436,0.003776,0.000000,0.000124,0.000001,0.000000
12009.600000,0.756239,0.003858,0.000000,0.000125,0.000001,0.000000
12096.000000,0.767120,0.003942,0.000000,0.000126,0.000001,0.000000
12182.400000,0.778078,0.004027,0.000000,0.000127,0.000001,0.000000
12268.800000,0.789115,0.004114,0.000000,0.000128,0.000001,0.000000
12355.200000,0.800229,0.004201,0.000000,0.000129,0.000001,0.000000
12441.600000,0.811420,0.004290,0.000000,0.000130,0.000001,0.000000
12528.000000,0.822690,0.004380,0.000000,0.000130,0.000001,0.000000
12614.400000,0.834037,0.004471,0.000000,0.000131,0.000001,0.000000
12700.800000,0.845462,0.004564,0.000000,0.000132,0.000001,0.000000
12787.200000,0.856964,0.004657,0.000000,0.000133,0.000001,0.000000
12873.600000,0.868545,0.004752,0.000000,0.000134,0.000001,0.000000
12960.000000,0.880202,0.004849,0.000000,0.000135,0.000001,0.000000
13046.400000,0.891938,0.004946,0.000000,0.000136,0.000001,0.000000
13132.800000,0.903752,0.005045,0.000000,0.000137,0.000001,0.000000
13219.200000,0.915643,0.005145,0.000000,0.000138,0.000001,0.000000
13305.600000,0.927611,0.005247,0.000000,0.000139,0.000001,0.000000
13392.000000,0.939658,0.005350,0.000000,0.000139,0.000001,0.000000
13478.400000,0.951782,0.005454,0.000000,0.000140,0.000001,0.000000
13564.800000,0.963984,0.005560,0.000000,0.000141,0.000001,0.000000
13651.200000,0.976264,0.005667,0.000000,0.000142,0.000001,0.000000
13737.600000,0.988621,0.005775,0.000000,0.000143,0.000001,0.000000
13824.000000,1.001056,0.005884,0.000000,0.000144,0.000001,0.000000
13910.400000,1.013569,0.005996,0.000000,0.000145,0.000001,0.000000
13996.800000,1.026159,0.006108,0.000000,0.000146,0.000001,0.000000
14083.200000,1.038827,0.006222,0.000000,0.000147,0.000001,0.000000
14169.600000,1.051573,0.006337,0.000000,0.000148,0.000001,0.000000
14256.000000,1.064397,0.006454,0.000000,0.000148,0.000001,0.000000
14342.400000,1.077298,0.006572,0.000000,0.000149,0.000001,0.000000
14428.800000,1.090277,0.006691,0.000000,0.000150,0.000001,0.000000
14515.200000,1.103334,0.006812,0.000000,0.000151,0.000001,0.000000
14601.600000,1.116468,0.006934,0.000000,0.000152,0.000001,0.000000
14688.000000,1.129680,0.007058,0.000000,0.000153,0.000001,0.000000
14774.400000,1.142970,0.007184,0.000000,0.000154,0.000001,0.000000
14860.800000,1.156338,0.007310,0.000000,0.000155,0.000001,0.000000
14947.200000,1.169783,0.007439,0.000000,0.000156,0.000001,0.000000
15033.600000,1.183306,0.007568,0.000000,0.000157,0.000002,0.000000
15120.000000,1.196907,0.007700,0.000000,0.000157,0.000002,0.000000
15206.400000,1.210585,0.007832,0.000000,0.000158,0.000002,0.000000
15292.800000,1.224341,0.007967,0.000000,0.000159,0.000002,0.000000
15379.200000,1.238175,0.008102,0.000000,0.000160,0.000002,0.000000
15465.600000,1.252086,0.008240,0.000000,0.000161,0.000002,0.000000
15552.000000,1.266075,0.008378,0.000000,0.000162,0.000002,0.000000
15638.400000,1.280142,0.008519,0.000000,0.000163,0.000002,0.000000
15724.800000,1.294287,0.008661,0.000000,0.000164,0.000002,0.000000
15811.200000,1.308509,0.008804,0.000000,0.000165,0.000002,0.000000
15897.600000,1.322809,0.008950,0.000000,0.000166,0.000002,0.000000
15984.000000,1.337187,0.009096,0.000000,0.000166,0.000002,0.000000
16070.400000,1.351642,0.009245,0.000000,0.000167,0.000002,0.000000
16156.800000,1.366175,0.009394,0.000000,0.000168,0.000002,0.000000
16243.200000,1.380786,0.009546,0.000000,0.000169,0.000002,0.000000
16329.600000,1.395475,0.009699,0.000000,0.000170,0.000002,0.000000
16416.000000,1.410241,0.009854,0.000000,0.000171,0.000002,0.000000
16502.400000,1.425085,0.010010,0.000000,0.000172,0.000002,0.000000
16588.800000,1.440006,0.010168,0.000000,0.000173,0.000002,0.000000
16675.200000,1.455006,0.010328,0.000000,0.000174,0.000002,0.000000
16761.600000,1.470083,0.010489,0.000000,0.000175,0.000002,0.000000
16848.000000,1.485237,0.010652,0.000000,0.000175,0.000002,0.000000
16934.400000,1.500470,0.010817,0.000000,0.000176,0.000002,0.000000
17020.800000,1.515780,0.010984,0.000000,0.000177,0.000002,0.000000
17107.200000,1.531168,0.011152,0.000000,0.000178,0.000002,0.000000
17193.600000,1.546633,0.011322,0.000000,0.000179,0.000002,0.000000
17280.000000,1.562176,0.011493,0.000000,0.000180,0.000002,0.000000
17366.400000,1.577797,0.011666,0.000000,0.000181,0.000002,0.000000
17452.800000,1.593496,0.011841,0.000000,0.000182,0.000002,0.000000
17539.200000,1.609272,0.012018,0.000000,0.000183,0.000002,0.000000
17625.600000,1.625126,0.012197,0.000000,0.000183,0.000002,0.000000
17712.000000,1.641058,0.012377,0.000000,0.000184,0.000002,0.000000
17798.400000,1.657067,0.012559,0.000000,0.000185,0.000002,0.000000
17884.800000,1.673154,0.012743,0.000000,0.000186,0.000002,0.000000
17971.200000,1.689319,0.012928,0.000000,0.000187,0.000002,0.000000
18057.600000,1.705562,0.013115,0.000000,0.000188,0.000002,0.000000
18144.000000,1.721882,0.013305,0.000000,0.000189,0.000002,0.000000
18230.400000,1.738280,0.013496,0.000000,0.000190,0.000002,0.000000
18316.800000,1.754755,0.013688,0.000000,0.000191,0.000002,0.000000
18403.200000,1.771308,0.013883,0.000000,0.000192,0.000002,0.000000
18489.600000,1.787939,0.014079,0.000000,0.000192,0.000002,0.000000
18576.000000,1.804648,0.014278,0.000000,0.000193,0.000002,0.000000
18662.400000,1.821434,0.014478,0.000000,0.000194,0.000002,0.000000
18748.800000,1.838298,0.014680,0.000000,0.000195,0.000002,0.000000
18835.200000,1.855240,0.014884,0.000000,0.000196,0.000002,0.000000
18921.600000,1.872260,0.015090,0.000000,0.000197,0.000002,0.000000
19008.000000,1.889357,0.015297,0.000000,0.000198,0.000002,0.000000
19094.400000,1.906532,0.015507,0.000000,0.000199,0.000002,0.000000
19180.800000,1.923784,0.015718,0.000000,0.000200,0.000002,0.000000
19267.200000,1.941114,0.015932,0.000000,0.000201,0.000002,0.000000
19353.600000,1.958522,0.016147,0.000000,0.000201,0.000002,0.000000
19440.000000,1.976008,0.016364,0.000000,0.000202,0.000003,0.000000
19526.400000,1.993571,0.016583,0.000000,0.000203,0.000003,0.000000
19612.800000,2.011212,0.016804,0.000000,0.000204,0.000003,0.000000
19699.200000,2.028931,0.017027,0.000000,0.000205,0.000003,0.000000
19785.600000,2.046727,0.017252,0.000000,0.000206,0.000003,0.000000
19872.000000,2.064601,0.017479,0.000000,0.000207,0.000003,0.000000
19958.400000,2.082553,0.017708,0.000000,0.000208,0.000003,0.000000
20044.800000,2.100582,0.017939,0.000000,0.000209,0.000003,0.000000
20131.200000,2.118689,0.018172,0.000000,0.000210,0.000003,0.000000
20217.600000,2.136874,0.018407,0.000000,0.000210,0.000003,0.000000
20304.000000,2.155137,0.018644,0.000000,0.000211,0.000003,0.000000
20390.400000,2.173477,0.018883,0.000000,0.000212,0.000003,0.000000
20476.800000,2.191895,0.019124,0.000000,0.000213,0.000003,0.000000
20563.200000,2.210390,0.019367,0.000000,0.000214,0.000003,0.000000
20649.600000,2.228964,0.019612,0.000000,0.000215,0.000003,0.000000
20736.000000,2.247615,0.019860,0.000000,0.000216,0.000003,0.000000
20822.400000,2.266343,0.020109,0.000000,0.000217,0.000003,0.000000
20908.800000,2.285150,0.020360,0.000000,0.000218,0.000003,0.000000
20995.200000,2.304034,0.020614,0.000000,0.000219,0.000003,0.000000
21081.600000,2.322995,0.020869,0.000000,0.000219,0.000003,0.000000
21168.000000,2.342035,0.021127,0.000000,0.000220,0.000003,0.000000
21254.400000,2.361152,0.021387,0.000000,0.000221,0.000003,0.000000
21340.800000,2.380346,0.021649,0.000000,0.000222,0.000003,0.000000
21427.200000,2.399619,0.021912,0.000000,0.000223,0.000003,0.000000
21513.600000,2.418969,0.022179,0.000000,0.000224,0.000003,0.000000
21600.000000,2.438397,0.022447,0.000000,0.000225,0.000003,0.000000
21686.400000,2.457902,0.022717,0.000000,0.000226,0.000003,0.000000
21772.800000,2.477485,0.022990,0.000000,0.000227,0.000003,0.000000
21859.200000,2.497146,0.023265,0.000000,0.000228,0.000003,0.000000
21945.600000,2.516885,0.023542,0.000000,0.000228,0.000003,0.000000
22032.000000,2.536701,0.023821,0.000000,0.000229,0.000003,0.000000
22118.400000,2.556595,0.024102,0.000000,0.000230,0.000003,0.000000
22204.800000,2.576567,0.024386,0.000000,0.000231,0.000003,0.000000
22291.200000,2.596616,0.024671,0.000000,0.000232,0.000003,0.000000
22377.600000,2.616743,0.024959,0.000000,0.000233,0.000003,0.000000
22464.000000,2.636947,0.025250,0.000000,0.000234,0.000003,0.000000
22550.400000,2.657230,0.025542,0.000000,0.000235,0.000003,0.000000
22636.800000,2.677590,0.025837,0.000000,0.000236,0.000003,0.000000
22723.200000,2.698027,0.026134,0.000000,0.000237,0.000003,0.000000
22809.600000,2.718543,0.026433,0.000000,0.000237,0.000003,0.000000
22896.000000,2.739136,0.026734,0.000000,0.000238,0.000003,0.000000
22982.400000,2.759807,0.027038,0.000000,0.000239,0.000004,0.000000
23068.800000,2.780555,0.027344,0.000000,0.000240,0.000004,0.000000
23155.200000,2.801381,0.027653,0.000000,0.000241,0.000004,0.000000
23241.600000,2.822285,0.027963,0.000000,0.000242,0.000004,0.000000
23328.000000,2.843266,0.028276,0.000000,0.000243,0.000004,0.000000
23414.400000,2.864325,0.028592,0.000000,0.000244,0.000004,0.000000
23500.800000,2.885462,0.028909,0.000000,0.000245,0.000004,0.000000
23587.200000,2.906677,0.029229,0.000000,0.000246,0.000004,0.000000
23673.600000,2.927969,0.029552,0.000000,0.000246,0.000004,0.000000
23760.000000,2.949338,0.029876,0.000000,0.000247,0.000004,0.000000
23846.400000,2.970786,0.030203,0.000000,0.000248,0.000004,0.000000
23932.800000,2.992311,0.030533,0.000000,0.000249,0.000004,0.000000
24019.200000,3.013914,0.030865,0.000000,0.000250,0.000004,0.000000
24105.600000,3.035594,0.031199,0.000000,0.000251,0.000004,0.000000
24192.000000,3.057353,0.031536,0.000000,0.000252,0.000004,0.000000
24278.400000,3.079189,0.031875,0.000000,0.000253,0.000004,0.000000
24364.800000,3.101102,0.032216,0.000000,0.000254,0.000004,0.000000
24451.200000,3.123093,0.032560,0.000000,0.000255,0.000004,0.000000
24537.600000,3.145162,0.032906,0.000000,0.000255,0.000004,0.000000
24624.000000,3.167309,0.033255,0.000000,0.000256,0.000004,0.000000
24710.400000,3.189533,0.033607,0.000000,0.000257,0.000004,0.000000
24796.800000,3.211835,0.033960,0.000000,0.000258,0.000004,0.000000
24883.200000,3.234214,0.034316,0.000000,0.000259,0.000004,0.000000
24969.600000,3.256672,0.034675,0.000000,0.000260,0.000004,0.000000
25056.000000,3.279207,0.035036,0.000000,0.000261,0.000004,0.000000
25142.400000,3.301819,0.035400,0.000000,0.000262,0.000004,0.000000
25228.800000,3.324509,0.035766,0.000000,0.000263,0.000004,0.000000
25315.200000,3.347277,0.036135,0.000000,0.000264,0.000004,0.000000
25401.600000,3.370123,0.036506,0.000000,0.000264,0.000004,0.000000
25488.000000,3.393046,0.036880,0.000000,0.000265,0.000004,0.000000
25574.400000,3.416047,0.037256,0.000000,0.000266,0.000004,0.000000
25660.800000,3.439126,0.037635,0.000000,0.000267,0.000004,0.000000
25747.200000,3.462282,0.038016,0.000000,0.000268,0.000004,0.000000
25833.600000,3.485516,0.038400,0.000000,0.000269,0.000004,0.000000
25920.000000,3.508828,0.038787,0.000000,0.000270,0.000004,0.000000
26006.400000,3.532217,0.039176,0.000000,0.000271,0.000005,0.000000
26092.800000,3.555684,0.039568,0.000000,0.000272,0.000005,0.000000
26179.200000,3.579228,0.039962,0.000000,0.000273,0.000005,0.000000
26265.600000,3.602851,0.040359,0.000000,0.000273,0.000005,0.000000
26352.000000,3.626551,0.040759,0.000000,0.000274,0.000005,0.000000
26438.400000,3.650328,0.041161,0.000000,0.000275,0.000005,0.000000
26524.800000,3.674184,0.041566,0.000000,0.000276,0.000005,0.000000
26611.200000,3.698116,0.041973,0.000000,0.000277,0.000005,0.000000
26697.600000,3.722127,0.042383,0.000000,0.000278,0.000005,0.000000
26784.000000,3.746215,0.042796,0.000000,0.000279,0.000005,0.000000
26870.400000,3.770381,0.043211,0.000000,0.000280,0.000005,0.000000
26956.800000,3.794625,0.043630,0.000000,0.000281,0.000005,0.000000
27043.200000,3.818946,0.044050,0.000000,0.000281,0.000005,0.000000
27129.600000,3.843345,0.044474,0.000000,0.000282,0.000005,0.000000
27216.000000,3.867822,0.044900,0.000000,0.000283,0.000005,0.000000
27302.400000,3.892376,0.045329,0.000000,0.000284,0.000005,0.000000
27388.800000,3.917008,0.045761,0.000000,0.000285,0.000005,0.000000
27475.200000,3.941717,0.046195,0.000000,0.000286,0.000005,0.000000
27561.600000,3.966504,0.046632,0.000000,0.000287,0.000005,0.000000
27648.000000,3.991369,0.047072,0.000000,0.000288,0.000005,0.000000
27734.400000,4.016312,0.047515,0.000000,0.000289,0.000005,0.000000
27820.800000,4.041332,0.047960,0.000000,0.000290,0.000005,0.000000
27907.200000,4.066430,0.048408,0.000000,0.000290,0.000005,0.000000
27993.600000,4.091605,0.048859,0.000000,0.000291,0.000005,0.000000
28080.000000,4.116859,0.049313,0.000000,0.000292,0.000005,0.000000
28166.400000,4.142189,0.049770,0.000000,0.000293,0.000005,0.000000
28252.800000,4.167598,0.050229,0.000000,0.000294,0.000005,0.000000
28339.200000,4.193084,0.050691,0.000000,0.000295,0.000005,0.000000
28425.600000,4.218648,0.051156,0.000000,0.000296,0.000005,0.000000
28512.000000,4.244289,0.051624,0.000000,0.000297,0.000005,0.000000
28598.400000,4.270008,0.052095,0.000000,0.000298,0.000005,0.000000
28684.800000,4.295805,0.052568,0.000000,0.000299,0.000005,0.000000
28771.200000,4.321679,0.053045,0.000000,0.000299,0.000006,0.000000
28857.600000,4.347632,0.053524,0.000000,0.000300,0.000006,0.000000
28944.000000,4.373661,0.054006,0.000000,0.000301,0.000006,0.000000
29030.400000,4.399769,0.054491,0.000000,0.000302,0.000006,0.000000
29116.800000,4.425954,0.054979,0.000000,0.000303,0.000006,0.000000
29203.200000,4.452216,0.055470,0.000000,0.000304,0.000006,0.000000
29289.600000,4.478557,0.055964,0.000000,0.000305,0.000006,0.000000
29376.000000,4.504975,0.056460,0.000000,0.000306,0.000006,0.000000
29462.400000,4.531470,0.056960,0.000000,0.000307,0.000006,0.000000
29548.800000,4.558043,0.057462,0.000000,0.000308,0.000006,0.000000
29635.200000,4.584694,0.057968,0.000000,0.000308,0.000006,0.000000
29721.600000,4.611423,0.058476,0.000000,0.000309,0.000006,0.000000
29808.000000,4.638229,0.058988,0.000000,0.000310,0.000006,0.000000
29894.400000,4.665113,0.059502,0.000000,0.000311,0.000006,0.000000
29980.800000,4.692075,0.060019,0.000000,0.000312,0.000006,0.000000
30067.200000,4.719114,0.060540,0.000000,0.000313,0.000006,0.000000
30153.600000,4.746230,0.061063,0.000000,0.000314,0.000006,0.000000
30240.000000,4.773425,0.061589,0.000000,0.000315,0.000006,0.000000
30326.400000,4.800697,0.062119,0.000000,0.000316,0.000006,0.000000
30412.800000,4.828047,0.062651,0.000000,0.000317,0.000006,0.000000
30499.200000,4.855474,0.063187,0.000000,0.000317,0.000006,0.000000
30585.600000,4.882979,0.063725,0.000000,0.000318,0.000006,0.000000
30672.000000,4.910562,0.064267,0.000000,0.000319,0.000006,0.000000
30758.400000,4.938222,0.064811,0.000000,0.000320,0.000006,0.000000
30844.800000,4.965960,0.065359,0.000000,0.000321,0.000006,0.000000
30931.200000,4.993776,0.065909,0.000000,0.000322,0.000006,0.000000
31017.600000,5.021669,0.066463,0.000000,0.000323,0.000006,0.000000
31104.000000,5.049640,0.067020,0.000000,0.000324,0.000006,0.000000
31190.400000,5.077688,0.067580,0.000000,0.000325,0.000006,0.000000
31276.800000,5.105815,0.068143,0.000000,0.000326,0.000007,0.000000
31363.200000,5.134018,0.068709,0.000000,0.000326,0.000007,0.000000
31449.600000,5.162300,0.069279,0.000000,0.000327,0.000007,0.000000
31536.000000,5.190659,0.069851,0.000000,0.000328,0.000007,0.000000
31622.400000,5.219096,0.070427,0.000000,0.000329,0.000007,0.000000
31708.800000,5.247610,0.071006,0.000000,0.000330,0.000007,0.000000
31795.200000,5.276202,0.071588,0.000000,0.000331,0.000007,0.000000
31881.600000,5.304872,0.072173,0.000000,0.000332,0.000007,0.000000
31968.000000,5.333619,0.072761,0.000000,0.000333,0.000007,0.000000
32054.400000,5.362444,0.073352,0.000000,0.000334,0.000007,0.000000
32140.800000,5.391347,0.073947,0.000000,0.000335,0.000007,0.000000
32227.200000,5.420327,0.074545,0.000000,0.000335,0.000007,0.000000
32313.600000,5.449385,0.075146,0.000000,0.000336,0.000007,0.000000
32400.000000,5.478520,0.075750,0.000000,0.000337,0.000007,0.000000
32486.400000,5.507733,0.076358,0.000000,0.000338,0.000007,0.000000
32572.800000,5.537024,0.076969,0.000000,0.000339,0.000007,0.000000
32659.200000,5.566392,0.077583,0.000000,0.000340,0.000007,0.000000
32745.600000,5.595838,0.078200,0.000000,0.000341,0.000007,0.000000
32832.000000,5.625362,0.078821,0.000000,0.000342,0.000007,0.000000
32918.400000,5.654963,0.079444,0.000000,0.000343,0.000007,0.000000
33004.800000,5.684642,0.080071,0.000000,0.000344,0.000007,0.000000
33091.200000,5.714399,0.080702,0.000000,0.000344,0.000007,0.000000
33177.600000,5.744233,0.081336,0.000000,0.000345,0.000007,0.000000
33264.000000,5.774144,0.081973,0.000000,0.000346,0.000007,0.000000
33350.400000,5.804134,0.082613,0.000000,0.000347,0.000007,0.000000
33436.800000,5.834201,0.083257,0.000000,0.000348,0.000007,0.000000
33523.200000,5.864346,0.083903,0.000000,0.000349,0.000007,0.000000
33609.600000,5.894568,0.084554,0.000000,0.000350,0.000008,0.000000
33696.000000,5.924868,0.085207,0.000000,0.000351,0.000008,0.000000
33782.400000,5.955245,0.085865,0.000000,0.000352,0.000008,0.000000
33868.800000,5.985701,0.086525,0.000000,0.000352,0.000008,0.000000
33955.200000,6.016233,0.087189,0.000000,0.000353,0.000008,0.000000
34041.600000,6.046844,0.087856,0.000000,0.000354,0.000008,0.000000
34128.000000,6.077532,0.088526,0.000000,0.000355,0.000008,0.000000
34214.400000,6.108298,0.089200,0.000000,0.000356,0.000008,0.000000
34300.800000,6.139141,0.089878,0.000000,0.000357,0.000008,0.000000
34387.200000,6.170062,0.090559,0.000000,0.000358,0.000008,0.000000
34473.600000,6.201060,0.091243,0.000000,0.000359,0.000008,0.000000
34560.000000,6.232137,0.091930,0.000000,0.000360,0.000008,0.000000
34646.400000,6.263290,0.092621,0.000000,0.000361,0.000008,0.000000
34732.800000,6.294522,0.093316,0.000000,0.000361,0.000008,0.000000
34819.200000,6.325831,0.094014,0.000000,0.000362,0.000008,0.000000
34905.600000,6.357217,0.094716,0.000000,0.000363,0.000008,0.000000
34992.000000,6.388682,0.095420,0.000000,0.000364,0.000008,0.000000
35078.400000,6.420224,0.096129,0.000000,0.000365,0.000008,0.000000
35164.800000,6.451843,0.096841,0.000000,0.000366,0.000008,0.000000
35251.200000,6.483540,0.097556,0.000000,0.000367,0.000008,0.000000
35337.600000,6.515315,0.098275,0.000000,0.000368,0.000008,0.000000
35424.000000,6.547167,0.098998,0.000000,0.000369,0.000008,0.000000
35510.400000,6.579097,0.099724,0.000000,0.000370,0.000008,0.000000
35596.800000,6.611105,0.100453,0.000000,0.000370,0.000008,0.000000
35683.200000,6.643190,0.101187,0.000000,0.000371,0.000008,0.000000
35769.600000,6.675353,0.101923,0.000000,0.000372,0.000009,0.000000
35856.000000,6.707594,0.102663,0.000000,0.000373,0.000009,0.000000
35942.400000,6.739912,0.103407,0.000000,0.000374,0.000009,0.000000
36028.800000,6.772307,0.104155,0.000000,0.000375,0.000009,0.000000
36115.200000,6.804781,0.104906,0.000000,0.000376,0.000009,0.000000
36201.600000,6.837331,0.105660,0.000000,0.000377,0.000009,0.000000
36288.000000,6.869960,0.106418,0.000000,0.000378,0.000009,0.000000
36374.400000,6.902666,0.107180,0.000000,0.000379,0.000009,0.000000
36460.800000,6.935450,0.107946,0.000000,0.000379,0.000009,0.000000
36547.200000,6.968311,0.108715,0.000000,0.000380,0.000009,0.000000
36633.600000,7.001250,0.109487,0.000000,0.000381,0.000009,0.000000
36720.000000,7.034267,0.110264,0.000000,0.000382,0.000009,0.000000
36806.400000,7.067361,0.111044,0.000000,0.000383,0.000009,0.000000
36892.800000,7.100533,0.111828,0.000000,0.000384,0.000009,0.000000
36979.200000,7.133782,0.112615,0.000000,0.000385,0.000009,0.000000
37065.600000,7.167109,0.113406,0.000000,0.000386,0.000009,0.000000
37152.000000,7.200514,0.114201,0.000000,0.000387,0.000009,0.000000
37238.400000,7.233996,0.114999,0.000000,0.000388,0.000009,0.000000
37324.800000,7.267556,0.115801,0.000000,0.000388,0.000009,0.000000
37411.200000,7.301193,0.116607,0.000000,0.000389,0.000009,0.000000
37497.600000,7.334908,0.117417,0.000000,0.000390,0.000009,0.000000
37584.000000,7.368701,0.118230,0.000000,0.000391,0.000009,0.000000
37670.400000,7.402571,0.119047,0.000000,0.000392,0.000009,0.000000
37756.800000,7.436519,0.119868,0.000000,0.000393,0.000010,0.000000
37843.200000,7.470544,0.120693,0.000000,0.000394,0.000010,0.000000
37929.600000,7.504647,0.121521,0.000000,0.000395,0.000010,0.000000
38016.000000,7.538828,0.122353,0.000000,0.000396,0.000010,0.000000
38102.400000,7.573086,0.123189,0.000000,0.000397,0.000010,0.000000
38188.800000,7.607422,0.124029,0.000000,0.000397,0.000010,0.000000
38275.200000,7.641836,0.124873,0.000000,0.000398,0.000010,0.000000
38361.600000,7.676327,0.125720,0.000000,0.000399,0.000010,0.000000
38448.000000,7.710895,0.126571,0.000000,0.000400,0.000010,0.000000
38534.400000,7.745541,0.127426,0.000000,0.000401,0.000010,0.000000
38620.800000,7.780265,0.128285,0.000000,0.000402,0.000010,0.000000
38707.200000,7.815067,0.129148,0.000000,0.000403,0.000010,0.000000
38793.600000,7.849946,0.130015,0.000000,0.000404,0.000010,0.000000
38880.000000,7.884902,0.130885,0.000000,0.000405,0.000010,0.000000
38966.400000,7.919937,0.131759,0.000000,0.000405,0.000010,0.000000
39052.800000,7.955048,0.132638,0.000000,0.000406,0.000010,0.000000
39139.200000,7.990238,0.133520,0.000000,0.000407,0.000010,0.000000
39225.600000,8.025505,0.134406,0.000000,0.000408,0.000010,0.000000
39312.000000,8.060849,0.135296,0.000000,0.000409,0.000010,0.000000
39398.400000,8.096272,0.136190,0.000000,0.000410,0.000010,0.000000
39484.800000,8.131771,0.137087,0.000000,0.000411,0.000010,0.000000
39571.200000,8.167349,0.137989,0.000000,0.000412,0.000010,0.000000
39657.600000,8.203004,0.138895,0.000000,0.000413,0.000010,0.000000
39744.000000,8.238736,0.139804,0.000000,0.000414,0.000011,0.000000
39830.400000,8.274546,0.140718,0.000000,0.000414,0.000011,0.000000
39916.800000,8.310434,0.141635,0.000000,0.000415,0.000011,0.000000
40003.200000,8.346399,0.142557,0.000000,0.000416,0.000011,0.000000
40089.600000,8.382442,0.143482,0.000000,0.000417,0.000011,0.000000
40176.000000,8.418563,0.144412,0.000000,0.000418,0.000011,0.000000
40262.400000,8.454761,0.145345,0.000000,0.000419,0.000011,0.000000
40348.800000,8.491036,0.146283,0.000000,0.000420,0.000011,0.000000
40435.200000,8.527390,0.147224,0.000000,0.000421,0.000011,0.000000
40521.600000,8.563821,0.148170,0.000000,0.000422,0.000011,0.000000
40608.000000,8.600329,0.149120,0.000000,0.000423,0.000011,0.000000
40694.400000,8.636915,0.150073,0.000000,0.000423,0.000011,0.000000
40780.800000,8.673578,0.151031,0.000000,0.000424,0.000011,0.000000
40867.200000,8.710320,0.151993,0.000000,0.000425,0.000011,0.000000
40953.600000,8.747138,0.152959,0.000000,0.000426,0.000011,0.000000
41040.000000,8.784035,0.153929,0.000000,0.000427,0.000011,0.000000
41126.400000,8.821009,0.154903,0.000000,0.000428,0.000011,0.000000
41212.800000,8.858060,0.155881,0.000000,0.000429,0.000011,0.000000
41299.200000,8.895189,0.156863,0.000000,0.000430,0.000011,0.000000
41385.600000,8.932396,0.157849,0.000000,0.000431,0.000011,0.000000
41472.000000,8.969680,0.158840,0.000000,0.000432,0.000011,0.000000
41558.400000,9.007042,0.159834,0.000000,0.000432,0.000012,0.000000
41644.800000,9.044481,0.160833,0.000000,0.000433,0.000012,0.000000
41731.200000,9.081998,0.161836,0.000000,0.000434,0.000012,0.000000
41817.600000,9.119592,0.162843,0.000000,0.000435,0.000012,0.000000
41904.000000,9.157265,0.163854,0.000000,0.000436,0.000012,0.000000
41990.400000,9.195014,0.164870,0.000000,0.000437,0.000012,0.000000
42076.800000,9.232841,0.165889,0.000000,0.000438,0.000012,0.000000
42163.200000,9.270746,0.166913,0.000000,0.000439,0.000012,0.000000
42249.600000,9.308729,0.167941,0.000000,0.000440,0.000012,0.000000
42336.000000,9.346789,0.168973,0.000000,0.000441,0.000012,0.000000
42422.400000,9.384926,0.170010,0.000000,0.000441,0.000012,0.000000
42508.800000,9.423141,0.171050,0.000000,0.000442,0.000012,0.000000
42595.200000,9.461434,0.172095,0.000000,0.000443,0.000012,0.000000
42681.600000,9.499804,0.173144,0.000000,0.000444,0.000012,0.000000
42768.000000,9.538252,0.174197,0.000000,0.000445,0.000012,0.000000
42854.400000,9.576777,0.175255,0.000000,0.000446,0.000012,0.000000
42940.800000,9.615380,0.176317,0.000000,0.000447,0.000012,0.000000
43027.200000,9.654061,0.177383,0.000000,0.000448,0.000012,0.000000
43113.600000,9.692819,0.178454,0.000000,0.000449,0.000012,0.000000
43200.000000,9.731654,0.179528,0.000000,0.000449,0.000012,0.000000
43286.400000,9.770568,0.180607,0.000000,0.000450,0.000012,0.000000
43372.800000,9.809558,0.181691,0.000000,0.000451,0.000013,0.000000
43459.200000,9.848627,0.182779,0.000000,0.000452,0.000013,0.000000
43545.600000,9.887772,0.183871,0.000000,0.000453,0.000013,0.000000
43632.000000,9.926996,0.184967,0.000000,0.000454,0.000013,0.000000
43718.400000,9.966297,0.186068,0.000000,0.000455,0.000013,0.000000
43804.800000,10.005675,0.187173,0.000000,0.000456,0.000013,0.000000
43891.200000,10.045132,0.188282,0.000000,0.000457,0.000013,0.000000
43977.600000,10.084665,0.189396,0.000000,0.000458,0.000013,0.000000
44064.000000,10.124277,0.190514,0.000000,0.000458,0.000013,0.000000
44150.400000,10.163965,0.191637,0.000000,0.000459,0.000013,0.000000
44236.800000,10.203732,0.192764,0.000000,0.000460,0.000013,0.000000
44323.200000,10.243576,0.193895,0.000000,0.000461,0.000013,0.000000
44409.600000,10.283497,0.195031,0.000000,0.000462,0.000013,0.000000
44496.000000,10.323496,0.196171,0.000000,0.000463,0.000013,0.000000
44582.400000,10.363573,0.197316,0.000000,0.000464,0.000013,0.000000
44668.800000,10.403727,0.198465,0.000000,0.000465,0.000013,0.000000
44755.200000,10.443958,0.199619,0.000000,0.000466,0.000013,0.000000
44841.600000,10.484268,0.200777,0.000000,0.000467,0.000013,0.000000
44928.000000,10.524654,0.201939,0.000000,0.000467,0.000013,0.000000
45014.400000,10.565119,0.203106,0.000000,0.000468,0.000014,0.000000
45100.800000,10.605661,0.204278,0.000000,0.000469,0.000014,0.000000
45187.200000,10.646280,0.205454,0.000000,0.000470,0.000014,0.000000
45273.600000,10.686977,0.206634,0.000000,0.000471,0.000014,0.000000
45360.000000,10.727752,0.207819,0.000000,0.000472,0.000014,0.000000
45446.400000,10.768604,0.209008,0.000000,0.000473,0.000014,0.000000
45532.800000,10.809533,0.210202,0.000000,0.000474,0.000014,0.000000
45619.200000,10.850541,0.211401,0.000000,0.000475,0.000014,0.000000
45705.600000,10.891625,0.212604,0.000000,0.000476,0.000014,0.000000
45792.000000,10.932788,0.213812,0.000000,0.000476,0.000014,0.000000
45878.400000,10.974027,0.215024,0.000000,0.000477,0.000014,0.000000
45964.800000,11.015345,0.216241,0.000000,0.000478,0.000014,0.000000
46051.200000,11.056740,0.217462,0.000000,0.000479,0.000014,0.000000
46137.600000,11.098212,0.218688,0.000000,0.000480,0.000014,0.000000
46224.000000,11.139762,0.219919,0.000000,0.000481,0.000014,0.000000
46310.400000,11.181390,0.221154,0.000000,0.000482,0.000014,0.000000
46396.800000,11.223095,0.222393,0.000000,0.000483,0.000014,0.000000
46483.200000,11.264877,0.223638,0.000000,0.000484,0.000014,0.000000
46569.600000,11.306737,0.224887,0.000000,0.000484,0.000014,0.000000
46656.000000,11.348675,0.226141,0.000000,0.000485,0.000015,0.000000
46742.400000,11.390690,0.227399,0.000000,0.000486,0.000015,0.000000
46828.800000,11.432783,0.228662,0.000000,0.000487,0.000015,0.000000
46915.200000,11.474953,0.229929,0.000000,0.000488,0.000015,0.000000
47001.600000,11.517201,0.231202,0.000000,0.000489,0.000015,0.000000
47088.000000,11.559526,0.232479,0.000000,0.000490,0.000015,0.000000
47174.400000,11.601929,0.233760,0.000000,0.000491,0.000015,0.000000
47260.800000,11.644410,0.235047,0.000000,0.000492,0.000015,0.000000
47347.200000,11.686968,0.236338,0.000000,0.000493,0.000015,0.000000
47433.600000,11.729603,0.237634,0.000000,0.000493,0.000015,0.000000
47520.000000,11.772316,0.238934,0.000000,0.000494,0.000015,0.000000
47606.400000,11.815107,0.240240,0.000000,0.000495,0.000015,0.000000
47692.800000,11.857975,0.241550,0.000000,0.000496,0.000015,0.000000
47779.200000,11.900921,0.242864,0.000000,0.000497,0.000015,0.000000
47865.600000,11.943944,0.244184,0.000000,0.000498,0.000015,0.000000
47952.000000,11.987044,0.245508,0.000000,0.000499,0.000015,0.000000
48038.400000,12.030223,0.246837,0.000000,0.000500,0.000015,0.000000
48124.800000,12.073478,0.248171,0.000000,0.000501,0.000015,0.000000
48211.200000,12.116812,0.249510,0.000000,0.000502,0.000015,0.000000
48297.600000,12.160222,0.250853,0.000000,0.000502,0.000016,0.000000
48384.000000,12.203711,0.252201,0.000000,0.000503,0.000016,0.000000
48470.400000,12.247276,0.253554,0.000000,0.000504,0.000016,0.000000
48556.800000,12.290920,0.254912,0.000000,0.000505,0.000016,0.000000
48643.200000,12.334641,0.256275,0.000000,0.000506,0.000016,0.000000
48729.600000,12.378439,0.257643,0.000000,0.000507,0.000016,0.000000
48816.000000,12.422315,0.259015,0.000000,0.000508,0.000016,0.000000
48902.400000,12.466268,0.260392,0.000000,0.000509,0.000016,0.000000
48988.800000,12.510299,0.261775,0.000000,0.000510,0.000016,0.000000
49075.200000,12.554408,0.263162,0.000000,0.000511,0.000016,0.000000
49161.600000,12.598594,0.264554,0.000000,0.000511,0.000016,0.000000
49248.000000,12.642857,0.265951,0.000000,0.000512,0.000016,0.000000
49334.400000,12.687198,0.267352,0.000000,0.000513,0.000016,0.000000
49420.800000,12.731617,0.268759,0.000000,0.000514,0.000016,0.000000
49507.200000,12.776113,0.270171,0.000000,0.000515,0.000016,0.000000
49593.600000,12.820687,0.271587,0.000000,0.000516,0.000016,0.000000
49680.000000,12.865338,0.273009,0.000000,0.000517,0.000016,0.000000
49766.400000,12.910066,0.274435,0.000000,0.000518,0.000017,0.000000
49852.800000,12.954872,0.275866,0.000000,0.000519,0.000017,0.000000
49939.200000,12.999756,0.277303,0.000000,0.000519,0.000017,0.000000
50025.600000,13.044717,0.278744,0.000000,0.000520,0.000017,0.000000
50112.000000,13.089756,0.280190,0.000000,0.000521,0.000017,0.000000
50198.400000,13.134872,0.281642,0.000000,0.000522,0.000017,0.000000
50284.800000,13.180065,0.283098,0.000000,0.000523,0.000017,0.000000
50371.200000,13.225337,0.284559,0.000000,0.000524,0.000017,0.000000
50457.600000,13.270685,0.286025,0.000000,0.000525,0.000017,0.000000
50544.000000,13.316111,0.287497,0.000000,0.000526,0.000017,0.000000
50630.400000,13.361615,0.288973,0.000000,0.000527,0.000017,0.000000
50716.800000,13.407196,0.290455,0.000000,0.000528,0.000017,0.000000
50803.200000,13.452855,0.291941,0.000000,0.000528,0.000017,0.000000
50889.600000,13.498591,0.293433,0.000000,0.000529,0.000017,0.000000
50976.000000,13.544405,0.294929,0.000000,0.000530,0.000017,0.000000
51062.400000,13.590296,0.296431,0.000000,0.000531,0.000017,0.000000
51148.800000,13.636265,0.297938,0.000000,0.000532,0.000017,0.000000
51235.200000,13.682311,0.299449,0.000000,0.000533,0.000017,0.000000
51321.600000,13.728435,0.300966,0.000000,0.000534,0.000018,0.000000
51408.000000,13.774636,0.302488,0.000000,0.000535,0.000018,0.000000
51494.400000,13.820915,0.304016,0.000000,0.000536,0.000018,0.000000
51580.800000,13.867271,0.305548,0.000000,0.000537,0.000018,0.000000
51667.200000,13.913704,0.307085,0.000000,0.000537,0.000018,0.000000
51753.600000,13.960216,0.308628,0.000000,0.000538,0.000018,0.000000
51840.000000,14.006804,0.310176,0.000000,0.000539,0.000018,0.000000
51926.400000,14.053470,0.311729,0.000000,0.000540,0.000018,0.000000
52012.800000,14.100214,0.313287,0.000000,0.000541,0.000018,0.000000
52099.200000,14.147035,0.314850,0.000000,0.000542,0.000018,0.000000
52185.600000,14.193934,0.316419,0.000000,0.000543,0.000018,0.000000
52272.000000,14.240910,0.317992,0.000000,0.000544,0.000018,0.000000
52358.400000,14.287964,0.319571,0.000000,0.000545,0.000018,0.000000
52444.800000,14.335095,0.321155,0.000000,0.000545,0.000018,0.000000
52531.200000,14.382303,0.322745,0.000000,0.000546,0.000018,0.000000
52617.600000,14.429589,0.324339,0.000000,0.000547,0.000018,0.000000
52704.000000,14.476953,0.325939,0.000000,0.000548,0.000019,0.000000
52790.400000,14.524394,0.327544,0.000000,0.000549,0.000019,0.000000
52876.800000,14.571913,0.329154,0.000000,0.000550,0.000019,0.000000
52963.200000,14.619509,0.330770,0.000000,0.000551,0.000019,0.000000
53049.600000,14.667182,0.332391,0.000000,0.000552,0.000019,0.000000
53136.000000,14.714933,0.334017,0.000000,0.000553,0.000019,0.000000
53222.400000,14.762762,0.335648,0.000000,0.000554,0.000019,0.000000
53308.800000,14.810668,0.337285,0.000000,0.000554,0.000019,0.000000
53395.200000,14.858651,0.338927,0.000000,0.000555,0.000019,0.000000
53481.600000,14.906712,0.340574,0.000000,0.000556,0.000019,0.000000
53568.000000,14.954850,0.342227,0.000000,0.000557,0.000019,0.000000
53654.400000,15.003066,0.343885,0.000000,0.000558,0.000019,0.000000
53740.800000,15.051360,0.345548,0.000000,0.000559,0.000019,0.000000
53827.200000,15.099730,0.347217,0.000000,0.000560,0.000019,0.000000
53913.600000,15.148179,0.348891,0.000000,0.000561,0.000019,0.000000
54000.000000,15.196704,0.350570,0.000000,0.000562,0.000019,0.000000
54086.400000,15.245308,0.352255,0.000000,0.000563,0.000019,0.000000
54172.800000,15.293988,0.353945,0.000000,0.000563,0.000020,0.000000
54259.200000,15.342747,0.355641,0.000000,0.000564,0.000020,0.000000
54345.600000,15.391582,0.357342,0.000000,0.000565,0.000020,0.000000
54432.000000,15.440495,0.359048,0.000000,0.000566,0.000020,0.000000
54518.400000,15.489486,0.360760,0.000000,0.000567,0.000020,0.000000
54604.800000,15.538554,0.362477,0.000000,0.000568,0.000020,0.000000
54691.200000,15.587700,0.364200,0.000000,0.000569,0.000020,0.000000
54777.600000,15.636923,0.365928,0.000000,0.000570,0.000020,0.000000
54864.000000,15.686223,0.367662,0.000000,0.000571,0.000020,0.000000
54950.400000,15.735601,0.369401,0.000000,0.000572,0.000020,0.000000
55036.800000,15.785057,0.371145,0.000000,0.000572,0.000020,0.000000
55123.200000,15.834589,0.372895,0.000000,0.000573,0.000020,0.000000
55209.600000,15.884200,0.374651,0.000000,0.000574,0.000020,0.000000
55296.000000,15.933888,0.376412,0.000000,0.000575,0.000020,0.000000
55382.400000,15.983653,0.378178,0.000000,0.000576,0.000020,0.000000
55468.800000,16.033496,0.379950,0.000000,0.000577,0.000021,0.000000
55555.200000,16.083416,0.381728,0.000000,0.000578,0.000021,0.000000
55641.600000,16.133413,0.383511,0.000000,0.000579,0.000021,0.000000
55728.000000,16.183489,0.385299,0.000000,0.000580,0.000021,0.000000
55814.400000,16.233641,0.387093,0.000000,0.000580,0.000021,0.000000
55900.800000,16.283871,0.388893,0.000000,0.000581,0.000021,0.000000
55987.200000,16.334179,0.390698,0.000000,0.000582,0.000021,0.000000
56073.600000,16.384564,0.392509,0.000000,0.000583,0.000021,0.000000
56160.000000,16.435026,0.394326,0.000000,0.000584,0.000021,0.000000
56246.400000,16.485566,0.396148,0.000000,0.000585,0.000021,0.000000
56332.800000,16.536183,0.397975,0.000000,0.000586,0.000021,0.000000
56419.200000,16.586878,0.399808,0.000000,0.000587,0.000021,0.000000
56505.600000,16.637650,0.401647,0.000000,0.000588,0.000021,0.000000
56592.000000,16.688500,0.403492,0.000000,0.000589,0.000021,0.000000
56678.400000,16.739427,0.405342,0.000000,0.000589,0.000021,0.000000
56764.800000,16.790431,0.407198,0.000000,0.000590,0.000021,0.000000
56851.200000,16.841513,0.409059,0.000000,0.000591,0.000022,0.000000
56937.600000,16.892673,0.410926,0.000000,0.000592,0.000022,0.000000
57024.000000,16.943910,0.412799,0.000000,0.000593,0.000022,0.000000
57110.400000,16.995224,0.414677,0.000000,0.000594,0.000022,0.000000
57196.800000,17.046616,0.416561,0.000000,0.000595,0.000022,0.000000
57283.200000,17.098085,0.418451,0.000000,0.000596,0.000022,0.000000
57369.600000,17.149632,0.420347,0.000000,0.000597,0.000022,0.000000
57456.000000,17.201256,0.422248,0.000000,0.000598,0.000022,0.000000
57542.400000,17.252957,0.424155,0.000000,0.000598,0.000022,0.000000
57628.800000,17.304736,0.426067,0.000000,0.000599,0.000022,0.000000
57715.200000,17.356593,0.427986,0.000000,0.000600,0.000022,0.000000
57801.600000,17.408527,0.429910,0.000000,0.000601,0.000022,0.000000
57888.000000,17.460538,0.431840,0.000000,0.000602,0.000022,0.000000
57974.400000,17.512627,0.433775,0.000000,0.000603,0.000022,0.000000
58060.800000,17.564793,0.435717,0.000000,0.000604,0.000022,0.000000
58147.200000,17.617037,0.437664,0.000000,0.000605,0.000023,0.000000
58233.600000,17.669358,0.439617,0.000000,0.000606,0.000023,0.000000
58320.000000,17.721756,0.441576,0.000000,0.000606,0.000023,0.000000
58406.400000,17.774232,0.443540,0.000000,0.000607,0.000023,0.000000
58492.800000,17.826785,0.445511,0.000000,0.000608,0.000023,0.000000
58579.200000,17.879416,0.447487,0.000000,0.000609,0.000023,0.000000
58665.600000,17.932124,0.449469,0.000000,0.000610,0.000023,0.000000
58752.000000,17.984910,0.451457,0.000000,0.000611,0.000023,0.000000
58838.400000,18.037773,0.453451,0.000000,0.000612,0.000023,0.000000
58924.800000,18.090714,0.455450,0.000000,0.000613,0.000023,0.000000
59011.200000,18.143732,0.457456,0.000000,0.000614,0.000023,0.000000
59097.600000,18.196827,0.459467,0.000000,0.000615,0.000023,0.000000
59184.000000,18.250000,0.461485,0.000000,0.000615,0.000023,0.000000
59270.400000,18.303250,0.463508,0.000000,0.000616,0.000023,0.000000
59356.800000,18.356577,0.465537,0.000000,0.000617,0.000023,0.000000
59443.200000,18.409983,0.467572,0.000000,0.000618,0.000024,0.000000
59529.600000,18.463465,0.469612,0.000000,0.000619,0.000024,0.000000
59616.000000,18.517025,0.471659,0.000000,0.000620,0.000024,0.000000
59702.400000,18.570662,0.473712,0.000000,0.000621,0.000024,0.000000
59788.800000,18.624377,0.475771,0.000000,0.000622,0.000024,0.000000
59875.200000,18.678169,0.477835,0.000000,0.000623,0.000024,0.000000
59961.600000,18.732039,0.479906,0.000000,0.000623,0.000024,0.000000
60048.000000,18.785986,0.481982,0.000000,0.000624,0.000024,0.000000
60134.400000,18.840010,0.484065,0.000000,0.000625,0.000024,0.000000
60220.800000,18.894112,0.486153,0.000000,0.000626,0.000024,0.000000
60307.200000,18.948291,0.488248,0.000000,0.000627,0.000024,0.000000
60393.600000,19.002548,0.490348,0.000000,0.000628,0.000024,0.000000
60480.000000,19.056882,0.492455,0.000000,0.000629,0.000024,0.000000
60566.400000,19.111293,0.494567,0.000000,0.000630,0.000024,0.000000
60652.800000,19.165782,0.496686,0.000000,0.000631,0.000025,0.000000
60739.200000,19.220348,0.498811,0.000000,0.000632,0.000025,0.000000
60825.600000,19.274992,0.500941,0.000000,0.000632,0.000025,0.000000
60912.000000,19.329713,0.503078,0.000000,0.000633,0.000025,0.000000
60998.400000,19.384511,0.505221,0.000000,0.000634,0.000025,0.000000
61084.800000,19.439387,0.507370,0.000000,0.000635,0.000025,0.000000
61171.200000,19.494341,0.509524,0.000000,0.000636,0.000025,0.000000
61257.600000,19.549371,0.511685,0.000000,0.000637,0.000025,0.000000
61344.000000,19.604479,0.513853,0.000000,0.000638,0.000025,0.000000
61430.400000,19.659665,0.516026,0.000000,0.000639,0.000025,0.000000
61516.800000,19.714928,0.518205,0.000000,0.000640,0.000025,0.000000
61603.200000,19.770268,0.520390,0.000000,0.000641,0.000025,0.000000
61689.600000,19.825686,0.522582,0.000000,0.000641,0.000025,0.000000
61776.000000,19.881181,0.524780,0.000000,0.000642,0.000025,0.000000
61862.400000,19.936753,0.526984,0.000000,0.000643,0.000026,0.000000
61948.800000,19.992403,0.529194,0.000000,0.000644,0.000026,0.000000
62035.200000,20.048131,0.531410,0.000000,0.000645,0.000026,0.000000
62121.600000,20.103935,0.533632,0.000000,0.000646,0.000026,0.000000
62208.000000,20.159817,0.535861,0.000000,0.000647,0.000026,0.000000
62294.400000,20.215777,0.538095,0.000000,0.000648,0.000026,0.000000
62380.800000,20.271814,0.540336,0.000000,0.000649,0.000026,0.000000
62467.200000,20.327928,0.542583,0.000000,0.000649,0.000026,0.000000
62553.600000,20.384120,0.544837,0.000000,0.000650,0.000026,0.000000
62640.000000,20.440389,0.547096,0.000000,0.000651,0.000026,0.000000
62726.400000,20.496735,0.549362,0.000000,0.000652,0.000026,0.000000
62812.800000,20.553159,0.551634,0.000000,0.000653,0.000026,0.000000
62899.200000,20.609660,0.553913,0.000000,0.000654,0.000026,0.000000
62985.600000,20.666239,0.556197,0.000000,0.000655,0.000026,0.000000
63072.000000,20.722895,0.558488,0.000000,0.000656,0.000027,0.000000
63158.400000,20.779628,0.560785,0.000000,0.000657,0.000027,0.000000
63244.800000,20.836439,0.563089,0.000000,0.000658,0.000027,0.000000
63331.200000,20.893327,0.565398,0.000000,0.000658,0.000027,0.000000
63417.600000,20.950292,0.567714,0.000000,0.000659,0.000027,0.000000
63504.000000,21.007335,0.570037,0.000000,0.000660,0.000027,0.000000
63590.400000,21.064455,0.572365,0.000000,0.000661,0.000027,0.000000
63676.800000,21.121653,0.574700,0.000000,0.000662,0.000027,0.000000
63763.200000,21.178928,0.577041,0.000000,0.000663,0.000027,0.000000
63849.600000,21.236280,0.579389,0.000000,0.000664,0.000027,0.000000
63936.000000,21.293710,0.581743,0.000000,0.000665,0.000027,0.000000
64022.400000,21.351217,0.584103,0.000000,0.000666,0.000027,0.000000
64108.800000,21.408802,0.586470,0.000000,0.000666,0.000027,0.000000
64195.200000,21.466464,0.588843,0.000000,0.000667,0.000027,0.000000
64281.600000,21.524203,0.591223,0.000000,0.000668,0.000028,0.000000
64368.000000,21.582020,0.593609,0.000000,0.000669,0.000028,0.000000
64454.400000,21.639914,0.596001,0.000000,0.000670,0.000028,0.000000
64540.800000,21.697885,0.598400,0.000000,0.000671,0.000028,0.000000
64627.200000,21.755934,0.600805,0.000000,0.000672,0.000028,0.000000
64713.600000,21.814060,0.603216,0.000000,0.000673,0.000028,0.000000
64800.000000,21.872263,0.605634,0.000000,0.000674,0.000028,0.000000
64886.400000,21.930544,0.608059,0.000000,0.000675,0.000028,0.000000
64972.800000,21.988902,0.610490,0.000000,0.000675,0.000028,0.000000
65059.200000,22.047338,0.612927,0.000000,0.000676,0.000028,0.000000
65145.600000,22.105851,0.615371,0.000000,0.000677,0.000028,0.000000
65232.000000,22.164441,0.617821,0.000000,0.000678,0.000028,0.000000
65318.400000,22.223108,0.620278,0.000000,0.000679,0.000028,0.000000
65404.800000,22.281853,0.622741,0.000000,0.000680,0.000029,0.000000
65491.200000,22.340676,0.625211,0.000000,0.000681,0.000029,0.000000
65577.600000,22.399575,0.627687,0.000000,0.000682,0.000029,0.000000
65664.000000,22.458553,0.630170,0.000000,0.000683,0.000029,0.000000
65750.400000,22.517607,0.632660,0.000000,0.000684,0.000029,0.000000
65836.800000,22.576739,0.635155,0.000000,0.000684,0.000029,0.000000
65923.200000,22.635948,0.637658,0.000000,0.000685,0.000029,0.000000
66009.600000,22.695234,0.640167,0.000000,0.000686,0.000029,0.000000
66096.000000,22.754598,0.642683,0.000000,0.000687,0.000029,0.000000
66182.400000,22.814039,0.645205,0.000000,0.000688,0.000029,0.000000
66268.800000,22.873558,0.647734,0.000000,0.000689,0.000029,0.000000
66355.200000,22.933154,0.650269,0.000000,0.000690,0.000029,0.000000
66441.600000,22.992827,0.652811,0.000000,0.000691,0.000029,0.000000
66528.000000,23.052577,0.655359,0.000000,0.000692,0.000029,0.000000
66614.400000,23.112405,0.657915,0.000000,0.000692,0.000030,0.000000
66700.800000,23.172310,0.660476,0.000000,0.000693,0.000030,0.000000
66787.200000,23.232293,0.663045,0.000000,0.000694,0.000030,0.000000
66873.600000,23.292353,0.665620,0.000000,0.000695,0.000030,0.000000
66960.000000,23.352490,0.668202,0.000000,0.000696,0.000030,0.000000
67046.400000,23.412705,0.670790,0.000000,0.000697,0.000030,0.000000
67132.800000,23.472997,0.673385,0.000000,0.000698,0.000030,0.000000
67219.200000,23.533366,0.675987,0.000000,0.000699,0.000030,0.000000
67305.600000,23.593813,0.678596,0.000000,0.000700,0.000030,0.000000
67392.000000,23.654337,0.681211,0.000000,0.000701,0.000030,0.000000
67478.400000,23.714938,0.683832,0.000000,0.000701,0.000030,0.000000
67564.800000,23.775617,0.686461,0.000000,0.000702,0.000030,0.000000
67651.200000,23.836372,0.689096,0.000000,0.000703,0.000031,0.000000
67737.600000,23.897206,0.691738,0.000000,0.000704,0.000031,0.000000
67824.000000,23.958116,0.694387,0.000000,0.000705,0.000031,0.000000
67910.400000,24.019104,0.697043,0.000000,0.000706,0.000031,0.000000
67996.800000,24.080170,0.699705,0.000000,0.000707,0.000031,0.000000
68083.200000,24.141312,0.702374,0.000000,0.000708,0.000031,0.000000
68169.600000,24.202532,0.705050,0.000000,0.000709,0.000031,0.000000
68256.000000,24.263829,0.707732,0.000000,0.000709,0.000031,0.000000
68342.400000,24.325204,0.710422,0.000000,0.000710,0.000031,0.000000
68428.800000,24.386656,0.713118,0.000000,0.000711,0.000031,0.000000
68515.200000,24.448185,0.715821,0.000000,0.000712,0.000031,0.000000
68601.600000,24.509792,0.718531,0.000000,0.000713,0.000031,0.000000
68688.000000,24.571476,0.721247,0.000000,0.000714,0.000031,0.000000
68774.400000,24.633237,0.723971,0.000000,0.000715,0.000032,0.000000
68860.800000,24.695075,0.726701,0.000000,0.000716,0.000032,0.000000
68947.200000,24.756991,0.729438,0.000000,0.000717,0.000032,0.000000
69033.600000,24.818984,0.732182,0.000000,0.000718,0.000032,0.000000
69120.000000,24.881055,0.734933,0.000000,0.000718,0.000032,0.000000
69206.400000,24.943202,0.737691,0.000000,0.000719,0.000032,0.000000
69292.800000,25.005428,0.740455,0.000000,0.000720,0.000032,0.000000
69379.200000,25.067730,0.743227,0.000000,0.000721,0.000032,0.000000
69465.600000,25.130110,0.746005,0.000000,0.000722,0.000032,0.000000
69552.000000,25.192567,0.748790,0.000000,0.000723,0.000032,0.000000
69638.400000,25.255101,0.751583,0.000000,0.000724,0.000032,0.000000
69724.800000,25.317713,0.754382,0.000000,0.000725,0.000032,0.000000
69811.200000,25.380402,0.757188,0.000000,0.000726,0.000032,0.000000
69897.600000,25.443168,0.760001,0.000000,0.000726,0.000033,0.000000
69984.000000,25.506011,0.762821,0.000000,0.000727,0.000033,0.000000
70070.400000,25.568932,0.765648,0.000000,0.000728,0.000033,0.000000
70156.800000,25.631930,0.768482,0.000000,0.000729,0.000033,0.000000
70243.200000,25.695006,0.771323,0.000000,0.000730,0.000033,0.000000
70329.600000,25.758159,0.774170,0.000000,0.000731,0.000033,0.000000
70416.000000,25.821389,0.777025,0.000000,0.000732,0.000033,0.000000
70502.400000,25.884696,0.779887,0.000000,0.000733,0.000033,0.000000
70588.800000,25.948081,0.782756,0.000000,0.000734,0.000033,0.000000
70675.200000,26.011543,0.785632,0.000000,0.000735,0.000033,0.000000
70761.600000,26.075082,0.788515,0.000000,0.000735,0.000033,0.000000
70848.000000,26.138699,0.791405,0.000000,0.000736,0.000033,0.000000
70934.400000,26.202392,0.794302,0.000000,0.000737,0.000034,0.000000
71020.800000,26.266164,0.797206,0.000000,0.000738,0.000034,0.000000
71107.200000,26.330012,0.800117,0.000000,0.000739,0.000034,0.000000
71193.600000,26.393938,0.803035,0.000000,0.000740,0.000034,0.000000
71280.000000,26.457941,0.805961,0.000000,0.000741,0.000034,0.000000
71366.400000,26.522021,0.808893,0.000000,0.000742,0.000034,0.000000
71452.800000,26.586179,0.811833,0.000000,0.000743,0.000034,0.000000
71539.200000,26.650414,0.814779,0.000000,0.000743,0.000034,0.000000
71625.600000,26.714726,0.817733,0.000000,0.000744,0.000034,0.000000
71712.000000,26.779115,0.820694,0.000000,0.000745,0.000034,0.000000
71798.400000,26.843582,0.823662,0.000000,0.000746,0.000034,0.000000
71884.800000,26.908126,0.826637,0.000000,0.000747,0.000034,0.000000
71971.200000,26.972747,0.829619,0.000000,0.000748,0.000035,0.000000
72057.600000,27.037446,0.832608,0.000000,0.000749,0.000035,0.000000
72144.000000,27.102222,0.835605,0.000000,0.000750,0.000035,0.000000
72230.400000,27.167075,0.838609,0.000000,0.000751,0.000035,0.000000
72316.800000,27.232005,0.841620,0.000000,0.000752,0.000035,0.000000
72403.200000,27.297013,0.844638,0.000000,0.000752,0.000035,0.000000
72489.600000,27.362098,0.847663,0.000000,0.000753,0.000035,0.000000
72576.000000,27.427260,0.850695,0.000000,0.000754,0.000035,0.000000
72662.400000,27.492500,0.853735,0.000000,0.000755,0.000035,0.000000
72748.800000,27.557816,0.856782,0.000000,0.000756,0.000035,0.000000
72835.200000,27.623210,0.859836,0.000000,0.000757,0.000035,0.000000
72921.600000,27.688682,0.862898,0.000000,0.000758,0.000035,0.000000
73008.000000,27.754230,0.865966,0.000000,0.000759,0.000036,0.000000
73094.400000,27.819856,0.869042,0.000000,0.000760,0.000036,0.000000
73180.800000,27.885559,0.872126,0.000000,0.000760,0.000036,0.000000
73267.200000,27.951340,0.875216,0.000000,0.000761,0.000036,0.000000
73353.600000,28.017197,0.878314,0.000000,0.000762,0.000036,0.000000
73440.000000,28.083132,0.881419,0.000000,0.000763,0.000036,0.000000
73526.400000,28.149144,0.884531,0.000000,0.000764,0.000036,0.000000
73612.800000,28.215234,0.887651,0.000000,0.000765,0.000036,0.000000
73699.200000,28.281401,0.890778,0.000000,0.000766,0.000036,0.000000
73785.600000,28.347645,0.893912,0.000000,0.000767,0.000036,0.000000
73872.000000,28.413966,0.897054,0.000000,0.000768,0.000036,0.000000
73958.400000,28.480364,0.900203,0.000000,0.000769,0.000036,0.000000
74044.800000,28.546840,0.903359,0.000000,0.000769,0.000037,0.000000
74131.200000,28.613393,0.906523,0.000000,0.000770,0.000037,0.000000
74217.600000,28.680023,0.909694,0.000000,0.000771,0.000037,0.000000
74304.000000,28.746731,0.912872,0.000000,0.000772,0.000037,0.000000
74390.400000,28.813515,0.916058,0.000000,0.000773,0.000037,0.000000
74476.800000,28.880377,0.919252,0.000000,0.000774,0.000037,0.000000
74563.200000,28.947317,0.922452,0.000000,0.000775,0.000037,0.000000
74649.600000,29.014333,0.925660,0.000000,0.000776,0.000037,0.000000
74736.000000,29.081427,0.928876,0.000000,0.000777,0.000037,0.000000
74822.400000,29.148598,0.932099,0.000000,0.000777,0.000037,0.000000
74908.800000,29.215846,0.935329,0.000000,0.000778,0.000037,0.000000
74995.200000,29.283172,0.938567,0.000000,0.000779,0.000037,0.000000
75081.600000,29.350574,0.941812,0.000000,0.000780,0.000038,0.000000
75168.000000,29.418054,0.945065,0.000000,0.000781,0.000038,0.000000
75254.400000,29.485611,0.948325,0.000000,0.000782,0.000038,0.000000
75340.800000,29.553246,0.951593,0.000000,0.000783,0.000038,0.000000
75427.200000,29.620957,0.954868,0.000000,0.000784,0.000038,0.000000
75513.600000,29.688746,0.958150,0.000000,0.000785,0.000038,0.000000
75600.000000,29.756612,0.961441,0.000000,0.000785,0.000038,0.000000
75686.400000,29.824556,0.964738,0.000000,0.000786,0.000038,0.000000
75772.800000,29.892576,0.968044,0.000000,0.000787,0.000038,0.000000
75859.200000,29.960674,0.971356,0.000000,0.000788,0.000038,0.000000
75945.600000,30.028849,0.974677,0.000000,0.000789,0.000038,0.000000
76032.000000,30.097102,0.978004,0.000000,0.000790,0.000039,0.000000
76118.400000,30.165431,0.981340,0.000000,0.000791,0.000039,0.000000
76204.800000,30.233838,0.984683,0.000000,0.000792,0.000039,0.000000
76291.200000,30.302322,0.988033,0.000000,0.000793,0.000039,0.000000
76377.600000,30.370883,0.991391,0.000000,0.000794,0.000039,0.000000
76464.000000,30.439522,0.994757,0.000000,0.000794,0.000039,0.000000
76550.400000,30.508237,0.998130,0.000000,0.000795,0.000039,0.000000
76636.800000,30.577030,1.001511,0.000000,0.000796,0.000039,0.000000
76723.200000,30.645900,1.004900,0.000000,0.000797,0.000039,0.000000
76809.600000,30.714848,1.008296,0.000000,0.000798,0.000039,0.000000
76896.000000,30.783872,1.011700,0.000000,0.000799,0.000039,0.000000
76982.400000,30.852974,1.015111,0.000000,0.000800,0.000039,0.000000
77068.800000,30.922153,1.018530,0.000000,0.000801,0.000040,0.000000
77155.200000,30.991409,1.021957,0.000000,0.000802,0.000040,0.000000
77241.600000,31.060742,1.025391,0.000000,0.000802,0.000040,0.000000
77328.000000,31.130153,1.028833,0.000000,0.000803,0.000040,0.000000
77414.400000,31.199641,1.032283,0.000000,0.000804,0.000040,0.000000
77500.800000,31.269206,1.035741,0.000000,0.000805,0.000040,0.000000
77587.200000,31.338848,1.039206,0.000000,0.000806,0.000040,0.000000
77673.600000,31.408568,1.042679,0.000000,0.000807,0.000040,0.000000
77760.000000,31.478364,1.046159,0.000000,0.000808,0.000040,0.000000
77846.400000,31.548238,1.049648,0.000000,0.000809,0.000040,0.000000
77932.800000,31.618189,1.053144,0.000000,0.000810,0.000040,0.000000
78019.200000,31.688217,1.056647,0.000000,0.000811,0.000041,0.000000
78105.600000,31.758323,1.060159,0.000000,0.000811,0.000041,0.000000
78192.000000,31.828506,1.063678,0.000000,0.000812,0.000041,0.000000
78278.400000,31.898766,1.067205,0.000000,0.000813,0.000041,0.000000
78364.800000,31.969103,1.070740,0.000000,0.000814,0.000041,0.000000
78451.200000,32.039517,1.074283,0.000000,0.000815,0.000041,0.000000
78537.600000,32.110008,1.077833,0.000000,0.000816,0.000041,0.000000
78624.000000,32.180577,1.081392,0.000000,0.000817,0.000041,0.000000
78710.400000,32.251223,1.084958,0.000000,0.000818,0.000041,0.000000
78796.800000,32.321946,1.088532,0.000000,0.000819,0.000041,0.000000
78883.200000,32.392746,1.092113,0.000000,0.000819,0.000041,0.000000
78969.600000,32.463624,1.095703,0.000000,0.000820,0.000042,0.000000
79056.000000,32.534578,1.099300,0.000000,0.000821,0.000042,0.000000
79142.400000,32.605610,1.102906,0.000000,0.000822,0.000042,0.000000
79228.800000,32.676719,1.106519,0.000000,0.000823,0.000042,0.000000
79315.200000,32.747905,1.110140,0.000000,0.000824,0.000042,0.000000
79401.600000,32.819169,1.113769,0.000000,0.000825,0.000042,0.000000
79488.000000,32.890509,1.117405,0.000000,0.000826,0.000042,0.000000
79574.400000,32.961927,1.121050,0.000000,0.000827,0.000042,0.000000
79660.800000,33.033422,1.124703,0.000000,0.000827,0.000042,0.000000
79747.200000,33.104994,1.128363,0.000000,0.000828,0.000042,0.000000
79833.600000,33.176643,1.132032,0.000000,0.000829,0.000042,0.000000
79920.000000,33.248370,1.135708,0.000000,0.000830,0.000043,0.000000
80006.400000,33.320173,1.139392,0.000000,0.000831,0.000043,0.000000
80092.800000,33.392054,1.143084,0.000000,0.000832,0.000043,0.000000
80179.200000,33.464012,1.146785,0.000000,0.000833,0.000043,0.000000
80265.600000,33.536047,1.150493,0.000000,0.000834,0.000043,0.000000
80352.000000,33.608160,1.154209,0.000000,0.000835,0.000043,0.000000
80438.400000,33.680349,1.157933,0.000000,0.000836,0.000043,0.000000
80524.800000,33.752616,1.161665,0.000000,0.000836,0.000043,0.000000
80611.200000,33.824960,1.165405,0.000000,0.000837,0.000043,0.000000
80697.600000,33.897381,1.169153,0.000000,0.000838,0.000043,0.000000
80784.000000,33.969879,1.172910,0.000000,0.000839,0.000043,0.000000
80870.400000,34.042454,1.176674,0.000000,0.000840,0.000044,0.000000
80956.800000,34.115107,1.180446,0.000000,0.000841,0.000044,0.000000
81043.200000,34.187837,1.184226,0.000000,0.000842,0.000044,0.000000
81129.600000,34.260643,1.188015,0.000000,0.000843,0.000044,0.000000
81216.000000,34.333527,1.191811,0.000000,0.000844,0.000044,0.000000
81302.400000,34.406489,1.195615,0.000000,0.000844,0.000044,0.000000
81388.800000,34.479527,1.199428,0.000000,0.000845,0.000044,0.000000
81475.200000,34.552642,1.203248,0.000000,0.000846,0.000044,0.000000
81561.600000,34.625835,1.207077,0.000000,0.000847,0.000044,0.000000
81648.000000,34.699105,1.210914,0.000000,0.000848,0.000044,0.000000
81734.400000,34.772452,1.214759,0.000000,0.000849,0.000045,0.000000
81820.800000,34.845876,1.218612,0.000000,0.000850,0.000045,0.000000
81907.200000,34.919377,1.222473,0.000000,0.000851,0.000045,0.000000
81993.600000,34.992955,1.226342,0.000000,0.000852,0.000045,0.000000
82080.000000,35.066611,1.230220,0.000000,0.000852,0.000045,0.000000
82166.400000,35.140344,1.234105,0.000000,0.000853,0.000045,0.000000
82252.800000,35.214154,1.237999,0.000000,0.000854,0.000045,0.000000
82339.200000,35.288040,1.241901,0.000000,0.000855,0.000045,0.000000
82425.600000,35.362005,1.245811,0.000000,0.000856,0.000045,0.000000
82512.000000,35.436046,1.249729,0.000000,0.000857,0.000045,0.000000
82598.400000,35.510164,1.253656,0.000000,0.000858,0.000045,0.000000
82684.800000,35.584360,1.257590,0.000000,0.000859,0.000046,0.000000
82771.200000,35.658632,1.261533,0.000000,0.000860,0.000046,0.000000
82857.600000,35.732982,1.265484,0.000000,0.000861,0.000046,0.000000
82944.000000,35.807409,1.269444,0.000000,0.000861,0.000046,0.000000
83030.400000,35.881913,1.273411,0.000000,0.000862,0.000046,0.000000
83116.800000,35.956495,1.277387,0.000000,0.000863,0.000046,0.000000
83203.200000,36.031153,1.281371,0.000000,0.000864,0.000046,0.000000
83289.600000,36.105888,1.285364,0.000000,0.000865,0.000046,0.000000
83376.000000,36.180701,1.289364,0.000000,0.000866,0.000046,0.000000
83462.400000,36.255591,1.293373,0.000000,0.000867,0.000046,0.000000
83548.800000,36.330558,1.297390,0.000000,0.000868,0.000046,0.000000
83635.200000,36.405602,1.301416,0.000000,0.000869,0.000047,0.000000
83721.600000,36.480723,1.305450,0.000000,0.000869,0.000047,0.000000
83808.000000,36.555921,1.309492,0.000000,0.000870,0.000047,0.000000
83894.400000,36.631196,1.313542,0.000000,0.000871,0.000047,0.000000
83980.800000,36.706549,1.317601,0.000000,0.000872,0.000047,0.000000
84067.200000,36.781979,1.321668,0.000000,0.000873,0.000047,0.000000
84153.600000,36.857485,1.325744,0.000000,0.000874,0.000047,0.000000
84240.000000,36.933069,1.329827,0.000000,0.000875,0.000047,0.000000
84326.400000,37.008730,1.333920,0.000000,0.000876,0.000047,0.000000
84412.800000,37.084468,1.338020,0.000000,0.000877,0.000047,0.000000
84499.200000,37.160283,1.342129,0.000000,0.000877,0.000048,0.000000
84585.600000,37.236176,1.346246,0.000000,0.000878,0.000048,0.000000
84672.000000,37.312145,1.350372,0.000000,0.000879,0.000048,0.000000
84758.400000,37.388192,1.354506,0.000000,0.000880,0.000048,0.000000
84844.800000,37.464315,1.358649,0.000000,0.000881,0.000048,0.000000
84931.200000,37.540516,1.362800,0.000000,0.000882,0.000048,0.000000
85017.600000,37.616794,1.366959,0.000000,0.000883,0.000048,0.000000
85104.000000,37.693149,1.371127,0.000000,0.000884,0.000048,0.000000
85190.400000,37.769581,1.375303,0.000000,0.000885,0.000048,0.000000
85276.800000,37.846090,1.379488,0.000000,0.000886,0.000048,0.000000
85363.200000,37.922676,1.383682,0.000000,0.000886,0.000049,0.000000
85449.600000,37.999340,1.387883,0.000000,0.000887,0.000049,0.000000
85536.000000,38.076080,1.392093,0.000000,0.000888,0.000049,0.000000
85622.400000,38.152898,1.396312,0.000000,0.000889,0.000049,0.000000
85708.800000,38.229792,1.400539,0.000000,0.000890,0.000049,0.000000
85795.200000,38.306764,1.404775,0.000000,0.000891,0.000049,0.000000
85881.600000,38.383813,1.409019,0.000000,0.000892,0.000049,0.000000
85968.000000,38.460939,1.413272,0.000000,0.000893,0.000049,0.000000
86054.400000,38.538142,1.417533,0.000000,0.000894,0.000049,0.000000
86140.800000,38.615422,1.421803,0.000000,0.000894,0.000049,0.000000
86227.200000,38.692779,1.426082,0.000000,0.000895,0.000050,0.000000
86313.600000,38.770214,1.430369,0.000000,0.000896,0.000050,0.000000
86400.000000,38.847725,1.434664,0.000000,0.000897,0.000050,0.000000
86486.400000,38.925313,1.438968,0.000000,0.000898,0.000050,0.000000
86572.800000,39.002979,1.443281,0.000000,0.000899,0.000050,0.000000
86659.200000,39.080722,1.447602,0.000000,0.000900,0.000050,0.000000
86745.600000,39.158541,1.451932,0.000000,0.000901,0.000050,0.000000
86832.000000,39.236438,1.456271,0.000000,0.000902,0.000050,0.000000
86918.400000,39.314412,1.460618,0.000000,0.000902,0.000050,0.000000
87004.800000,39.392463,1.464973,0.000000,0.000903,0.000050,0.000000
87091.200000,39.470591,1.469338,0.000000,0.000904,0.000051,0.000000
87177.600000,39.548796,1.473711,0.000000,0.000905,0.000051,0.000000
87264.000000,39.627078,1.478093,0.000000,0.000906,0.000051,0.000000
87350.400000,39.705438,1.482483,0.000000,0.000907,0.000051,0.000000
87436.800000,39.783874,1.486882,0.000000,0.000908,0.000051,0.000000
87523.200000,39.862387,1.491290,0.000000,0.000909,0.000051,0.000000
87609.600000,39.940978,1.495706,0.000000,0.000910,0.000051,0.000000
87696.000000,40.019645,1.500131,0.000000,0.000911,0.000051,0.000000
87782.400000,40.098390,1.504565,0.000000,0.000911,0.000051,0.000000
87868.800000,40.177211,1.509008,0.000000,0.000912,0.000051,0.000000
87955.200000,40.256110,1.513459,0.000000,0.000913,0.000052,0.000000
88041.600000,40.335086,1.517919,0.000000,0.000914,0.000052,0.000000
88128.000000,40.414139,1.522388,0.000000,0.000915,0.000052,0.000000
88214.400000,40.493269,1.526865,0.000000,0.000916,0.000052,0.000000
88300.800000,40.572476,1.531351,0.000000,0.000917,0.000052,0.000000
88387.200000,40.651760,1.535846,0.000000,0.000918,0.000052,0.000000
88473.600000,40.731121,1.540350,0.000000,0.000919,0.000052,0.000000
88560.000000,40.810559,1.544862,0.000000,0.000919,0.000052,0.000000
88646.400000,40.890074,1.549384,0.000000,0.000920,0.000052,0.000000
88732.800000,40.969666,1.553914,0.000000,0.000921,0.000052,0.000000
88819.200000,41.049336,1.558453,0.000000,0.000922,0.000053,0.000000
88905.600000,41.129082,1.563001,0.000000,0.000923,0.000053,0.000000
88992.000000,41.208905,1.567557,0.000000,0.000924,0.000053,0.000000
89078.400000,41.288806,1.572123,0.000000,0.000925,0.000053,0.000000
89164.800000,41.368783,1.576697,0.000000,0.000926,0.000053,0.000000
89251.200000,41.448838,1.581280,0.000000,0.000927,0.000053,0.000000
89337.600000,41.528969,1.585872,0.000000,0.000927,0.000053,0.000000
89424.000000,41.609178,1.590473,0.000000,0.000928,0.000053,0.000000
89510.400000,41.689463,1.595083,0.000000,0.000929,0.000053,0.000000
89596.800000,41.769826,1.599701,0.000000,0.000930,0.000053,0.000000
89683.200000,41.850266,1.604329,0.000000,0.000931,0.000054,0.000000
89769.600000,41.930783,1.608965,0.000000,0.000932,0.000054,0.000000
89856.000000,42.011376,1.613610,0.000000,0.000933,0.000054,0.000000
89942.400000,42.092047,1.618265,0.000000,0.000934,0.000054,0.000000
90028.800000,42.172795,1.622928,0.000000,0.000935,0.000054,0.000000
90115.200000,42.253620,1.627600,0.000000,0.000935,0.000054,0.000000
90201.600000,42.334522,1.632281,0.000000,0.000936,0.000054,0.000000
90288.000000,42.415501,1.636971,0.000000,0.000937,0.000054,0.000000
90374.400000,42.496557,1.641670,0.000000,0.000938,0.000054,0.000000
90460.800000,42.577690,1.646378,0.000000,0.000939,0.000054,0.000000
90547.200000,42.658900,1.651095,0.000000,0.000940,0.000055,0.000000
90633.600000,42.740187,1.655820,0.000000,0.000941,0.000055,0.000000
90720.000000,42.821551,1.660555,0.000000,0.000942,0.000055,0.000000
90806.400000,42.902992,1.665299,0.000000,0.000943,0.000055,0.000000
90892.800000,42.984510,1.670052,0.000000,0.000943,0.000055,0.000000
90979.200000,43.066105,1.674814,0.000000,0.000944,0.000055,0.000000
91065.600000,43.147777,1.679585,0.000000,0.000945,0.000055,0.000000
91152.000000,43.229526,1.684365,0.000000,0.000946,0.000055,0.000000
91238.400000,43.311352,1.689154,0.000000,0.000947,0.000055,0.000000
91324.800000,43.393256,1.693952,0.000000,0.000948,0.000056,0.000000
91411.200000,43.475236,1.698759,0.000000,0.000949,0.000056,0.000000
91497.600000,43.557293,1.703575,0.000000,0.000950,0.000056,0.000000
91584.000000,43.639427,1.708401,0.000000,0.000951,0.000056,0.000000
91670.400000,43.721638,1.713235,0.000000,0.000952,0.000056,0.000000
91756.800000,43.803927,1.718078,0.000000,0.000952,0.000056,0.000000
91843.200000,43.886292,1.722931,0.000000,0.000953,0.000056,0.000000
91929.600000,43.968734,1.727793,0.000000,0.000954,0.000056,0.000000
92016.000000,44.051253,1.732663,0.000000,0.000955,0.000056,0.000000
92102.400000,44.133849,1.737543,0.000000,0.000956,0.000056,0.000000
92188.800000,44.216523,1.742433,0.000000,0.000957,0.000057,0.000000
92275.200000,44.299273,1.747331,0.000000,0.000958,0.000057,0.000000
92361.600000,44.382100,1.752238,0.000000,0.000959,0.000057,0.000000
92448.000000,44.465004,1.757155,0.000000,0.000960,0.000057,0.000000
92534.400000,44.547985,1.762080,0.000000,0.000960,0.000057,0.000000
92620.800000,44.631043,1.767015,0.000000,0.000961,0.000057,0.000000
92707.200000,44.714179,1.771959,0.000000,0.000962,0.000057,0.000000
92793.600000,44.797391,1.776913,0.000000,0.000963,0.000057,0.000000
92880.000000,44.880680,1.781875,0.000000,0.000964,0.000057,0.000000
92966.400000,44.964046,1.786847,0.000000,0.000965,0.000058,0.000000
93052.800000,45.047489,1.791828,0.000000,0.000966,0.000058,0.000000
93139.200000,45.131009,1.796818,0.000000,0.000967,0.000058,0.000000
93225.600000,45.214606,1.801817,0.000000,0.000968,0.000058,0.000000
93312.000000,45.298280,1.806826,0.000000,0.000968,0.000058,0.000000
93398.400000,45.382031,1.811844,0.000000,0.000969,0.000058,0.000000
93484.800000,45.465859,1.816871,0.000000,0.000970,0.000058,0.000000
93571.200000,45.549764,1.821908,0.000000,0.000971,0.000058,0.000000
93657.600000,45.633746,1.826953,0.000000,0.000972,0.000058,0.000000
93744.000000,45.717805,1.832008,0.000000,0.000973,0.000059,0.000000
93830.400000,45.801941,1.837073,0.000000,0.000974,0.000059,0.000000
93916.800000,45.886154,1.842146,0.000000,0.000975,0.000059,0.000000
94003.200000,45.970444,1.847229,0.000000,0.000976,0.000059,0.000000
94089.600000,46.054811,1.852322,0.000000,0.000976,0.000059,0.000000
94176.000000,46.139255,1.857423,0.000000,0.000977,0.000059,0.000000
94262.400000,46.223775,1.862534,0.000000,0.000978,0.000059,0.000000
94348.800000,46.308373,1.867654,0.000000,0.000979,0.000059,0.000000
94435.200000,46.393048,1.872784,0.000000,0.000980,0.000059,0.000000
94521.600000,46.477799,1.877923,0.000000,0.000981,0.000059,0.000000
94608.000000,46.562628,1.883071,0.000000,0.000982,0.000060,0.000000
94694.400000,46.647533,1.888229,0.000000,0.000983,0.000060,0.000000
94780.800000,46.732516,1.893396,0.000000,0.000984,0.000060,0.000000
94867.200000,46.817575,1.898573,0.000000,0.000984,0.000060,0.000000
94953.600000,46.902712,1.903759,0.000000,0.000985,0.000060,0.000000
95040.000000,46.987925,1.908954,0.000000,0.000986,0.000060,0.000000
95126.400000,47.073216,1.914159,0.000000,0.000987,0.000060,0.000000
95212.800000,47.158583,1.919374,0.000000,0.000988,0.000060,0.000000
95299.200000,47.244027,1.924597,0.000000,0.000989,0.000060,0.000000
95385.600000,47.329548,1.929830,0.000000,0.000990,0.000061,0.000000
95472.000000,47.415146,1.935073,0.000000,0.000991,0.000061,0.000000
95558.400000,47.500821,1.940325,0.000000,0.000992,0.000061,0.000000
95644.800000,47.586573,1.945587,0.000000,0.000993,0.000061,0.000000
95731.200000,47.672402,1.950858,0.000000,0.000993,0.000061,0.000000
95817.600000,47.758308,1.956138,0.000000,0.000994,0.000061,0.000000
95904.000000,47.844291,1.961429,0.000000,0.000995,0.000061,0.000000
95990.400000,47.930351,1.966728,0.000000,0.000996,0.000061,0.000000
96076.800000,48.016488,1.972037,0.000000,0.000997,0.000061,0.000000
96163.200000,48.102701,1.977356,0.000000,0.000998,0.000062,0.000000
96249.600000,48.188992,1.982684,0.000000,0.000999,0.000062,0.000000
96336.000000,48.275359,1.988022,0.000000,0.001000,0.000062,0.000000
96422.400000,48.361804,1.993369,0.000000,0.001001,0.000062,0.000000
96508.800000,48.448325,1.998726,0.000000,0.001001,0.000062,0.000000
96595.200000,48.534923,2.004092,0.000000,0.001002,0.000062,0.000000
96681.600000,48.621598,2.009468,0.000000,0.001003,0.000062,0.000000
96768.000000,48.708351,2.014854,0.000000,0.001004,0.000062,0.000000
96854.400000,48.795180,2.020249,0.000000,0.001005,0.000062,0.000000
96940.800000,48.882086,2.025654,0.000000,0.001006,0.000063,0.000000
97027.200000,48.969069,2.031068,0.000000,0.001007,0.000063,0.000000
97113.600000,49.056128,2.036492,0.000000,0.001008,0.000063,0.000000
97200.000000,49.143265,2.041926,0.000000,0.001009,0.000063,0.000000
97286.400000,49.230479,2.047369,0.000000,0.001009,0.000063,0.000000
97372.800000,49.317769,2.052822,0.000000,0.001010,0.000063,0.000000
97459.200000,49.405137,2.058284,0.000000,0.001011,0.000063,0.000000
97545.600000,49.492581,2.063757,0.000000,0.001012,0.000063,0.000000
97632.000000,49.580102,2.069239,0.000000,0.001013,0.000063,0.000000
97718.400000,49.667701,2.074730,0.000000,0.001014,0.000064,0.000000
97804.800000,49.755376,2.080231,0.000000,0.001015,0.000064,0.000000
97891.200000,49.843128,2.085742,0.000000,0.001016,0.000064,0.000000
97977.600000,49.930957,2.091263,0.000000,0.001017,0.000064,0.000000
98064.000000,50.018863,2.096794,0.000000,0.001017,0.000064,0.000000
98150.400000,50.106845,2.102334,0.000000,0.001018,0.000064,0.000000
98236.800000,50.194905,2.107884,0.000000,0.001019,0.000064,0.000000
98323.200000,50.283041,2.113443,0.000000,0.001020,0.000064,0.000000
98409.600000,50.371255,2.119012,0.000000,0.001021,0.000064,0.000000
98496.000000,50.459545,2.124592,0.000000,0.001022,0.000065,0.000000
98582.400000,50.547912,2.130180,0.000000,0.001023,0.000065,0.000000
98668.800000,50.636357,2.135779,0.000000,0.001024,0.000065,0.000000
98755.200000,50.724878,2.141387,0.000000,0.001025,0.000065,0.000000
98841.600000,50.813475,2.147006,0.000000,0.001025,0.000065,0.000000
98928.000000,50.902150,2.152634,0.000000,0.001026,0.000065,0.000000
99014.400000,50.990902,2.158272,0.000000,0.001027,0.000065,0.000000
99100.800000,51.079730,2.163919,0.000000,0.001028,0.000065,0.000000
99187.200000,51.168636,2.169577,0.000000,0.001029,0.000065,0.000000
99273.600000,51.257618,2.175244,0.000000,0.001030,0.000066,0.000000
99360.000000,51.346677,2.180921,0.000000,0.001031,0.000066,0.000000
99446.400000,51.435813,2.186608,0.000000,0.001032,0.000066,0.000000
99532.800000,51.525026,2.192305,0.000000,0.001033,0.000066,0.000000
99619.200000,51.614316,2.198012,0.000000,0.001033,0.000066,0.000000
99705.600000,51.703683,2.203728,0.000000,0.001034,0.000066,0.000000
99792.000000,51.793127,2.209455,0.000000,0.001035,0.000066,0.000000
99878.400000,51.882647,2.215191,0.000000,0.001036,0.000066,0.000000
99964.800000,51.972244,2.220937,0.000000,0.001037,0.000067,0.000000
100051.200000,52.061919,2.226693,0.000000,0.001038,0.000067,0.000000
100137.600000,52.151670,2.232460,0.000000,0.001039,0.000067,0.000000
100224.000000,52.241498,2.238236,0.000000,0.001040,0.000067,0.000000
100310.400000,52.331402,2.244022,0.000000,0.001041,0.000067,0.000000
100396.800000,52.421384,2.249817,0.000000,0.001041,0.000067,0.000000
100483.200000,52.511442,2.255623,0.000000,0.001042,0.000067,0.000000
100569.600000,52.601578,2.261439,0.000000,0.001043,0.000067,0.000000
100656.000000,52.691790,2.267265,0.000000,0.001044,0.000067,0.000000
100742.400000,52.782079,2.273101,0.000000,0.001045,0.000068,0.000000
100828.800000,52.872445,2.278946,0.000000,0.001046,0.000068,0.000000
100915.200000,52.962888,2.284802,0.000000,0.001047,0.000068,0.000000
101001.600000,53.053408,2.290668,0.000000,0.001048,0.000068,0.000000
101088.000000,53.144004,2.296544,0.000000,0.001049,0.000068,0.000000
101174.400000,53.234678,2.302429,0.000000,0.001049,0.000068,0.000000
101260.800000,53.325428,2.308325,0.000000,0.001050,0.000068,0.000000
101347.200000,53.416255,2.314231,0.000000,0.001051,0.000068,0.000000
101433.600000,53.507159,2.320147,0.000000,0.001052,0.000068,0.000000
101520.000000,53.598139,2.326073,0.000000,0.001053,0.000069,0.000000
101606.400000,53.689197,2.332009,0.000000,0.001054,0.000069,0.000000
101692.800000,53.780331,2.337955,0.000000,0.001055,0.000069,0.000000
101779.200000,53.871543,2.343911,0.000000,0.001056,0.000069,0.000000
101865.600000,53.962831,2.349877,0.000000,0.001057,0.000069,0.000000
101952.000000,54.054196,2.355853,0.000000,0.001057,0.000069,0.000000
102038.400000,54.145638,2.361840,0.000000,0.001058,0.000069,0.000000
102124.800000,54.237156,2.367836,0.000000,0.001059,0.000069,0.000000
102211.200000,54.328752,2.373843,0.000000,0.001060,0.000070,0.000000
102297.600000,54.420424,2.379860,0.000000,0.001061,0.000070,0.000000
102384.000000,54.512173,2.385887,0.000000,0.001062,0.000070,0.000000
102470.400000,54.603999,2.391924,0.000000,0.001063,0.000070,0.000000
102556.800000,54.695902,2.397971,0.000000,0.001064,0.000070,0.000000
102643.200000,54.787881,2.404028,0.000000,0.001065,0.000070,0.000000
102729.600000,54.879938,2.410096,0.000000,0.001065,0.000070,0.000000
102816.000000,54.972071,2.416174,0.000000,0.001066,0.000070,0.000000
102902.400000,55.064281,2.422262,0.000000,0.001067,0.000070,0.000000
102988.800000,55.156568,2.428360,0.000000,0.001068,0.000071,0.000000
103075.200000,55.248932,2.434468,0.000000,0.001069,0.000071,0.000000
103161.600000,55.341372,2.440587,0.000000,0.001070,0.000071,0.000000
103248.000000,55.433889,2.446715,0.000000,0.001071,0.000071,0.000000
103334.400000,55.526484,2.452854,0.000000,0.001072,0.000071,0.000000
103420.800000,55.619155,2.459004,0.000000,0.001073,0.000071,0.000000
103507.200000,55.711902,2.465163,0.000000,0.001073,0.000071,0.000000
103593.600000,55.804727,2.471333,0.000000,0.001074,0.000071,0.000000
103680.000000,55.897628,2.477513,0.000000,0.001075,0.000072,0.000000
103766.400000,55.990606,2.483703,0.000000,0.001076,0.000072,0.000000
103852.800000,56.083661,2.489904,0.000000,0.001077,0.000072,0.000000
103939.200000,56.176793,2.496115,0.000000,0.001078,0.000072,0.000000
104025.600000,56.270002,2.502336,0.000000,0.001079,0.000072,0.000000
104112.000000,56.363287,2.508567,0.000000,0.001080,0.000072,0.000000
104198.400000,56.456649,2.514809,0.000000,0.001081,0.000072,0.000000
104284.800000,56.550088,2.521061,0.000000,0.001081,0.000072,0.000000
104371.200000,56.643604,2.527323,0.000000,0.001082,0.000072,0.000000
104457.600000,56.737197,2.533596,0.000000,0.001083,0.000073,0.000000
104544.000000,56.830866,2.539879,0.000000,0.001084,0.000073,0.000000
104630.400000,56.924612,2.546173,0.000000,0.001085,0.000073,0.000000
104716.800000,57.018435,2.552476,0.000000,0.001086,0.000073,0.000000
104803.200000,57.112335,2.558791,0.000000,0.001087,0.000073,0.000000
104889.600000,57.206311,2.565115,0.000000,0.001088,0.000073,0.000000
104976.000000,57.300365,2.571450,0.000000,0.001089,0.000073,0.000000
105062.400000,57.394495,2.577796,0.000000,0.001089,0.000073,0.000000
105148.800000,57.488702,2.584151,0.000000,0.001090,0.000074,0.000000
105235.200000,57.582985,2.590518,0.000000,0.001091,0.000074,0.000000
105321.600000,57.677346,2.596894,0.000000,0.001092,0.000074,0.000000
105408.000000,57.771783,2.603281,0.000000,0.001093,0.000074,0.000000
105494.400000,57.866297,2.609679,0.000000,0.001094,0.000074,0.000000
105580.800000,57.960887,2.616087,0.000000,0.001095,0.000074,0.000000
105667.200000,58.055555,2.622505,0.000000,0.001096,0.000074,0.000000
105753.600000,58.150299,2.628934,0.000000,0.001097,0.000074,0.000000
105840.000000,58.245120,2.635373,0.000000,0.001097,0.000075,0.000000
105926.400000,58.340018,2.641823,0.000000,0.001098,0.000075,0.000000
106012.800000,58.434993,2.648283,0.000000,0.001099,0.000075,0.000000
106099.200000,58.530044,2.654754,0.000000,0.001100,0.000075,0.000000
106185.600000,58.625172,2.661236,0.000000,0.001101,0.000075,0.000000
106272.000000,58.720377,2.667727,0.000000,0.001102,0.000075,0.000000
106358.400000,58.815659,2.674230,0.000000,0.001103,0.000075,0.000000
106444.800000,58.911017,2.680743,0.000000,0.001104,0.000075,0.000000
106531.200000,59.006452,2.687266,0.000000,0.001105,0.000076,0.000000
106617.600000,59.101964,2.693800,0.000000,0.001105,0.000076,0.000000
106704.000000,59.197553,2.700345,0.000000,0.001106,0.000076,0.000000
106790.400000,59.293218,2.706900,0.000000,0.001107,0.000076,0.000000
106876.800000,59.388960,2.713466,0.000000,0.001108,0.000076,0.000000
106963.200000,59.484779,2.720042,0.000000,0.001109,0.000076,0.000000
107049.600000,59.580675,2.726629,0.000000,0.001110,0.000076,0.000000
107136.000000,59.676647,2.733226,0.000000,0.001111,0.000076,0.000000
107222.400000,59.772696,2.739834,0.000000,0.001112,0.000076,0.000000
107308.800000,59.868822,2.746453,0.000000,0.001113,0.000077,0.000000
107395.200000,59.965025,2.753082,0.000000,0.001113,0.000077,0.000000
107481.600000,60.061304,2.759722,0.000000,0.001114,0.000077,0.000000
107568.000000,60.157660,2.766373,0.000000,0.001115,0.000077,0.000000
107654.400000,60.254093,2.773034,0.000000,0.001116,0.000077,0.000000
107740.800000,60.350602,2.779706,0.000000,0.001117,0.000077,0.000000
107827.200000,60.447189,2.786389,0.000000,0.001118,0.000077,0.000000
107913.600000,60.543852,2.793082,0.000000,0.001119,0.000077,0.000000
108000.000000,60.640591,2.799786,0.000000,0.001120,0.000078,0.000000
108086.400000,60.737408,2.806501,0.000000,0.001121,0.000078,0.000000
108172.800000,60.834301,2.813226,0.000000,0.001121,0.000078,0.000000
108259.200000,60.931271,2.819962,0.000000,0.001122,0.000078,0.000000
108345.600000,61.028318,2.826709,0.000000,0.001123,0.000078,0.000000
108432.000000,61.125441,2.833466,0.000000,0.001124,0.000078,0.000000
108518.400000,61.222641,2.840235,0.000000,0.001125,0.000078,0.000000
108604.800000,61.319918,2.847014,0.000000,0.001126,0.000078,0.000000
108691.200000,61.417271,2.853803,0.000000,0.001127,0.000079,0.000000
108777.600000,61.514702,2.860604,0.000000,0.001128,0.000079,0.000000
108864.000000,61.612209,2.867415,0.000000,0.001129,0.000079,0.000000
108950.400000,61.709792,2.874237,0.000000,0.001129,0.000079,0.000000
109036.800000,61.807453,2.881070,0.000000,0.001130,0.000079,0.000000
109123.200000,61.905190,2.887914,0.000000,0.001131,0.000079,0.000000
109209.600000,62.003003,2.894768,0.000000,0.001132,0.000079,0.000000
109296.000000,62.100894,2.901633,0.000000,0.001133,0.000079,0.000000
109382.400000,62.198861,2.908509,0.000000,0.001134,0.000080,0.000000
109468.800000,62.296905,2.915396,0.000000,0.001135,0.000080,0.000000
109555.200000,62.395026,2.922294,0.000000,0.001136,0.000080,0.000000
109641.600000,62.493223,2.929203,0.000000,0.001137,0.000080,0.000000
109728.000000,62.591497,2.936122,0.000000,0.001137,0.000080,0.000000
109814.400000,62.689847,2.943052,0.000000,0.001138,0.000080,0.000000
109900.800000,62.788275,2.949994,0.000000,0.001139,0.000080,0.000000
109987.200000,62.886779,2.956946,0.000000,0.001140,0.000080,0.000000
110073.600000,62.985360,2.963909,0.000000,0.001141,0.000081,0.000000
110160.000000,63.084017,2.970882,0.000000,0.001142,0.000081,0.000000
110246.400000,63.182751,2.977867,0.000000,0.001143,0.000081,0.000000
110332.800000,63.281562,2.984863,0.000000,0.001144,0.000081,0.000000
110419.200000,63.380450,2.991869,0.000000,0.001145,0.000081,0.000000
110505.600000,63.479414,2.998887,0.000000,0.001145,0.000081,0.000000
110592.000000,63.578455,3.005915,0.000000,0.001146,0.000081,0.000000
110678.400000,63.677572,3.012955,0.000000,0.001147,0.000081,0.000000
110764.800000,63.776766,3.020005,0.000000,0.001148,0.000082,0.000000
110851.200000,63.876037,3.027066,0.000000,0.001149,0.000082,0.000000
110937.600000,63.975385,3.034139,0.000000,0.001150,0.000082,0.000000
111024.000000,64.074809,3.041222,0.000000,0.001151,0.000082,0.000000
111110.400000,64.174310,3.048316,0.000000,0.001152,0.000082,0.000000
111196.800000,64.273888,3.055421,0.000000,0.001153,0.000082,0.000000
111283.200000,64.373542,3.062538,0.000000,0.001153,0.000082,0.000000
111369.600000,64.473273,3.069665,0.000000,0.001154,0.000082,0.000000
111456.000000,64.573080,3.076803,0.000000,0.001155,0.000083,0.000000
111542.400000,64.672965,3.083953,0.000000,0.001156,0.000083,0.000000
111628.800000,64.772925,3.091113,0.000000,0.001157,0.000083,0.000000
111715.200000,64.872963,3.098284,0.000000,0.001158,0.000083,0.000000
111801.600000,64.973077,3.105467,0.000000,0.001159,0.000083,0.000000
111888.000000,65.073268,3.112660,0.000000,0.001160,0.000083,0.000000
111974.400000,65.173536,3.119865,0.000000,0.001161,0.000083,0.000000
112060.800000,65.273880,3.127081,0.000000,0.001161,0.000084,0.000000
112147.200000,65.374301,3.134307,0.000000,0.001162,0.000084,0.000000
112233.600000,65.474798,3.141545,0.000000,0.001163,0.000084,0.000000
112320.000000,65.575372,3.148794,0.000000,0.001164,0.000084,0.000000
112406.400000,65.676023,3.156054,0.000000,0.001165,0.000084,0.000000
112492.800000,65.776751,3.163326,0.000000,0.001166,0.000084,0.000000
112579.200000,65.877555,3.170608,0.000000,0.001167,0.000084,0.000000
112665.600000,65.978435,3.177902,0.000000,0.001168,0.000084,0.000000
112752.000000,66.079393,3.185206,0.000000,0.001168,0.000085,0.000000
112838.400000,66.180427,3.192522,0.000000,0.001169,0.000085,0.000000
112924.800000,66.281537,3.199849,0.000000,0.001170,0.000085,0.000000
113011.200000,66.382725,3.207187,0.000000,0.001171,0.000085,0.000000
113097.600000,66.483989,3.214536,0.000000,0.001172,0.000085,0.000000
113184.000000,66.585329,3.221897,0.000000,0.001173,0.000085,0.000000
113270.400000,66.686746,3.229269,0.000000,0.001174,0.000085,0.000000
113356.800000,66.788240,3.236652,0.000000,0.001175,0.000085,0.000000
113443.200000,66.889810,3.244046,0.000000,0.001176,0.000086,0.000000
113529.600000,66.991457,3.251451,0.000000,0.001176,0.000086,0.000000
113616.000000,67.093181,3.258868,0.000000,0.001177,0.000086,0.000000
113702.400000,67.194981,3.266296,0.000000,0.001178,0.000086,0.000000
113788.800000,67.296858,3.273735,0.000000,0.001179,0.000086,0.000000
113875.200000,67.398812,3.281185,0.000000,0.001180,0.000086,0.000000
113961.600000,67.500842,3.288647,0.000000,0.001181,0.000086,0.000000
114048.000000,67.602949,3.296119,0.000000,0.001182,0.000086,0.000000
114134.400000,67.705132,3.303604,0.000000,0.001183,0.000087,0.000000
114220.800000,67.807392,3.311099,0.000000,0.001184,0.000087,0.000000
114307.200000,67.909729,3.318606,0.000000,0.001184,0.000087,0.000000
114393.600000,68.012142,3.326124,0.000000,0.001185,0.000087,0.000000
114480.000000,68.114632,3.333653,0.000000,0.001186,0.000087,0.000000
114566.400000,68.217198,3.341194,0.000000,0.001187,0.000087,0.000000
114652.800000,68.319841,3.348746,0.000000,0.001188,0.000087,0.000000
114739.200000,68.422561,3.356309,0.000000,0.001189,0.000088,0.000000
114825.600000,68.525357,3.363884,0.000000,0.001190,0.000088,0.000000
114912.000000,68.628230,3.371470,0.000000,0.001191,0.000088,0.000000
114998.400000,68.731179,3.379068,0.000000,0.001192,0.000088,0.000000
115084.800000,68.834205,3.386677,0.000000,0.001192,0.000088,0.000000
115171.200000,68.937308,3.394297,0.000000,0.001193,0.000088,0.000000
115257.600000,69.040487,3.401928,0.000000,0.001194,0.000088,0.000000
115344.000000,69.143743,3.409571,0.000000,0.001195,0.000088,0.000000
115430.400000,69.247075,3.417226,0.000000,0.001196,0.000089,0.000000
115516.800000,69.350484,3.424892,0.000000,0.001197,0.000089,0.000000
115603.200000,69.453970,3.432569,0.000000,0.001198,0.000089,0.000000
115689.600000,69.557532,3.440258,0.000000,0.001199,0.000089,0.000000
115776.000000,69.661170,3.447958,0.000000,0.001200,0.000089,0.000000
115862.400000,69.764886,3.455669,0.000000,0.001200,0.000089,0.000000
115948.800000,69.868678,3.463392,0.000000,0.001201,0.000089,0.000000
116035.200000,69.972546,3.471127,0.000000,0.001202,0.000090,0.000000
116121.600000,70.076491,3.478873,0.000000,0.001203,0.000090,0.000000
116208.000000,70.180513,3.486630,0.000000,0.001204,0.000090,0.000000
116294.400000,70.284611,3.494399,0.000000,0.001205,0.000090,0.000000
116380.800000,70.388786,3.502180,0.000000,0.001206,0.000090,0.000000
116467.200000,70.493037,3.509972,0.000000,0.001207,0.000090,0.000000
116553.600000,70.597365,3.517775,0.000000,0.001207,0.000090,0.000000
116640.000000,70.701769,3.525590,0.000000,0.001208,0.000090,0.000000
116726.400000,70.806250,3.533417,0.000000,0.001209,0.000091,0.000000
116812.800000,70.910808,3.541255,0.000000,0.001210,0.000091,0.000000
116899.200000,71.015442,3.549105,0.000000,0.001211,0.000091,0.000000
116985.600000,71.120152,3.556966,0.000000,0.001212,0.000091,0.000000
117072.000000,71.224940,3.564839,0.000000,0.001213,0.000091,0.000000
117158.400000,71.329803,3.572723,0.000000,0.001214,0.000091,0.000000
117244.800000,71.434744,3.580619,0.000000,0.001215,0.000091,0.000000
117331.200000,71.539761,3.588527,0.000000,0.001215,0.000092,0.000000
117417.600000,71.644854,3.596446,0.000000,0.001216,0.000092,0.000000
117504.000000,71.750024,3.604377,0.000000,0.001217,0.000092,0.000000
117590.400000,71.855271,3.612319,0.000000,0.001218,0.000092,0.000000
117676.800000,71.960594,3.620273,0.000000,0.001219,0.000092,0.000000
117763.200000,72.065993,3.628239,0.000000,0.001220,0.000092,0.000000
117849.600000,72.171469,3.636216,0.000000,0.001221,0.000092,0.000000
117936.000000,72.277022,3.644205,0.000000,0.001222,0.000092,0.000000
118022.400000,72.382651,3.652206,0.000000,0.001223,0.000093,0.000000
118108.800000,72.488357,3.660218,0.000000,0.001223,0.000093,0.000000
118195.200000,72.594139,3.668242,0.000000,0.001224,0.000093,0.000000
118281.600000,72.699998,3.676277,0.000000,0.001225,0.000093,0.000000
118368.000000,72.805933,3.684325,0.000000,0.001226,0.000093,0.000000
118454.400000,72.911945,3.692384,0.000000,0.001227,0.000093,0.000000
118540.800000,73.018034,3.700455,0.000000,0.001228,0.000093,0.000000
118627.200000,73.124199,3.708537,0.000000,0.001229,0.000094,0.000000
118713.600000,73.230440,3.716631,0.000000,0.001230,0.000094,0.000000
118800.000000,73.336758,3.724737,0.000000,0.001231,0.000094,0.000000
118886.400000,73.443153,3.732855,0.000000,0.001231,0.000094,0.000000
118972.800000,73.549624,3.740984,0.000000,0.001232,0.000094,0.000000
119059.200000,73.656171,3.749125,0.000000,0.001233,0.000094,0.000000
119145.600000,73.762795,3.757278,0.000000,0.001234,0.000094,0.000000
119232.000000,73.869496,3.765443,0.000000,0.001235,0.000094,0.000000
119318.400000,73.976273,3.773620,0.000000,0.001236,0.000095,0.000000
119404.800000,74.083126,3.781808,0.000000,0.001237,0.000095,0.000000
119491.200000,74.190056,3.790008,0.000000,0.001238,0.000095,0.000000
119577.600000,74.297063,3.798220,0.000000,0.001239,0.000095,0.000000
119664.000000,74.404146,3.806444,0.000000,0.001239,0.000095,0.000000
119750.400000,74.511306,3.814679,0.000000,0.001240,0.000095,0.000000
119836.800000,74.618542,3.822927,0.000000,0.001241,0.000095,0.000000
119923.200000,74.725854,3.831186,0.000000,0.001242,0.000096,0.000000
120009.600000,74.833244,3.839457,0.000000,0.001243,0.000096,0.000000
120096.000000,74.940709,3.847740,0.000000,0.001244,0.000096,0.000000
120182.400000,75.048251,3.856035,0.000000,0.001245,0.000096,0.000000
120268.800000,75.155870,3.864342,0.000000,0.001246,0.000096,0.000000
120355.200000,75.263565,3.872660,0.000000,0.001246,0.000096,0.000000
120441.600000,75.371336,3.880991,0.000000,0.001247,0.000096,0.000000
120528.000000,75.479184,3.889333,0.000000,0.001248,0.000097,0.000000
120614.400000,75.587109,3.897688,0.000000,0.001249,0.000097,0.000000
120700.800000,75.695110,3.906054,0.000000,0.001250,0.000097,0.000000
120787.200000,75.803187,3.914432,0.000000,0.001251,0.000097,0.000000
120873.600000,75.911341,3.922822,0.000000,0.001252,0.000097,0.000000
120960.000000,76.019572,3.931224,0.000000,0.001253,0.000097,0.000000
121046.400000,76.127879,3.939638,0.000000,0.001254,0.000097,0.000000
121132.800000,76.236262,3.948064,0.000000,0.001254,0.000098,0.000000
121219.200000,76.344722,3.956502,0.000000,0.001255,0.000098,0.000000
121305.600000,76.453258,3.964952,0.000000,0.001256,0.000098,0.000000
121392.000000,76.561871,3.973414,0.000000,0.001257,0.000098,0.000000
121478.400000,76.670560,3.981888,0.000000,0.001258,0.000098,0.000000
121564.800000,76.779326,3.990374,0.000000,0.001259,0.000098,0.000000
121651.200000,76.888168,3.998872,0.000000,0.001260,0.000098,0.000000
121737.600000,76.997087,4.007382,0.000000,0.001261,0.000098,0.000000
121824.000000,77.106082,4.015904,0.000000,0.001262,0.000099,0.000000
121910.400000,77.215154,4.024438,0.000000,0.001262,0.000099,0.000000
121996.800000,77.324302,4.032984,0.000000,0.001263,0.000099,0.000000
122083.200000,77.433526,4.041542,0.000000,0.001264,0.000099,0.000000
122169.600000,77.542827,4.050112,0.000000,0.001265,0.000099,0.000000
122256.000000,77.652205,4.058695,0.000000,0.001266,0.000099,0.000000
122342.400000,77.761658,4.067289,0.000000,0.001267,0.000099,0.000000
122428.800000,77.871189,4.075896,0.000000,0.001268,0.000100,0.000000
122515.200000,77.980795,4.084514,0.000000,0.001269,0.000100,0.000000
122601.600000,78.090479,4.093145,0.000000,0.001269,0.000100,0.000000
122688.000000,78.200238,4.101787,0.000000,0.001270,0.000100,0.000000
122774.400000,78.310074,4.110442,0.000000,0.001271,0.000100,0.000000
122860.800000,78.419987,4.119109,0.000000,0.001272,0.000100,0.000000
122947.200000,78.529976,4.127789,0.000000,0.001273,0.000100,0.000000
123033.600000,78.640041,4.136480,0.000000,0.001274,0.000101,0.000000
123120.000000,78.750183,4.145183,0.000000,0.001275,0.000101,0.000000
123206.400000,78.860401,4.153899,0.000000,0.001276,0.000101,0.000000
123292.800000,78.970696,4.162627,0.000000,0.001277,0.000101,0.000000
123379.200000,79.081067,4.171367,0.000000,0.001277,0.000101,0.000000
123465.600000,79.191514,4.180119,0.000000,0.001278,0.000101,0.000000
123552.000000,79.302038,4.188883,0.000000,0.001279,0.000101,0.000000
123638.400000,79.412639,4.197660,0.000000,0.001280,0.000102,0.000000
123724.800000,79.523315,4.206448,0.000000,0.001281,0.000102,0.000000
123811.200000,79.634069,4.215249,0.000000,0.001282,0.000102,0.000000
123897.600000,79.744898,4.224063,0.000000,0.001283,0.000102,0.000000
123984.000000,79.855804,4.232888,0.000000,0.001284,0.000102,0.000000
124070.400000,79.966787,4.241726,0.000000,0.001285,0.000102,0.000000
124156.800000,80.077845,4.250576,0.000000,0.001285,0.000102,0.000000
124243.200000,80.188981,4.259438,0.000000,0.001286,0.000103,0.000000
124329.600000,80.300192,4.268313,0.000000,0.001287,0.000103,0.000000
124416.000000,80.411480,4.277199,0.000000,0.001288,0.000103,0.000000
124502.400000,80.522845,4.286098,0.000000,0.001289,0.000103,0.000000
124588.800000,80.634286,4.295010,0.000000,0.001290,0.000103,0.000000
124675.200000,80.745803,4.303933,0.000000,0.001291,0.000103,0.000000
124761.600000,80.857397,4.312869,0.000000,0.001292,0.000103,0.000000
124848.000000,80.969067,4.321818,0.000000,0.001292,0.000104,0.000000
124934.400000,81.080813,4.330778,0.000000,0.001293,0.000104,0.000000
125020.800000,81.192636,4.339751,0.000000,0.001294,0.000104,0.000000
125107.200000,81.304535,4.348737,0.000000,0.001295,0.000104,0.000000
125193.600000,81.416511,4.357734,0.000000,0.001296,0.000104,0.000000
125280.000000,81.528563,4.366744,0.000000,0.001297,0.000104,0.000000
125366.400000,81.640692,4.375767